,EID
0,ENSMUSG00000000049
1,ENSMUSG00000000058
2,ENSMUSG00000000078
3,ENSMUSG00000000093
4,ENSMUSG00000000120
5,ENSMUSG00000000127
6,ENSMUSG00000000244
7,ENSMUSG00000000263
8,ENSMUSG00000000275
9,ENSMUSG00000000301
10,ENSMUSG00000000317
11,ENSMUSG00000000320
12,ENSMUSG00000000359
13,ENSMUSG00000000392
14,ENSMUSG00000000394
15,ENSMUSG00000000402
16,ENSMUSG00000000409
17,ENSMUSG00000000489
18,ENSMUSG00000000530
19,ENSMUSG00000000555
20,ENSMUSG00000000567
21,ENSMUSG00000000594
22,ENSMUSG00000000627
23,ENSMUSG00000000628
24,ENSMUSG00000000673
25,ENSMUSG00000000682
26,ENSMUSG00000000730
27,ENSMUSG00000000731
28,ENSMUSG00000000732
29,ENSMUSG00000000782
30,ENSMUSG00000000791
31,ENSMUSG00000000792
32,ENSMUSG00000000805
33,ENSMUSG00000000817
34,ENSMUSG00000000861
35,ENSMUSG00000000869
36,ENSMUSG00000000903
37,ENSMUSG00000000957
38,ENSMUSG00000001020
39,ENSMUSG00000001023
40,ENSMUSG00000001025
41,ENSMUSG00000001027
42,ENSMUSG00000001029
43,ENSMUSG00000001089
44,ENSMUSG00000001098
45,ENSMUSG00000001119
46,ENSMUSG00000001128
47,ENSMUSG00000001131
48,ENSMUSG00000001156
49,ENSMUSG00000001173
50,ENSMUSG00000001227
51,ENSMUSG00000001240
52,ENSMUSG00000001270
53,ENSMUSG00000001281
54,ENSMUSG00000001300
55,ENSMUSG00000001348
56,ENSMUSG00000001349
57,ENSMUSG00000001403
58,ENSMUSG00000001444
59,ENSMUSG00000001473
60,ENSMUSG00000001493
61,ENSMUSG00000001504
62,ENSMUSG00000001506
63,ENSMUSG00000001520
64,ENSMUSG00000001542
65,ENSMUSG00000001622
66,ENSMUSG00000001627
67,ENSMUSG00000001741
68,ENSMUSG00000001773
69,ENSMUSG00000001827
70,ENSMUSG00000001865
71,ENSMUSG00000001870
72,ENSMUSG00000001911
73,ENSMUSG00000001918
74,ENSMUSG00000001930
75,ENSMUSG00000001943
76,ENSMUSG00000001946
77,ENSMUSG00000001964
78,ENSMUSG00000001985
79,ENSMUSG00000001986
80,ENSMUSG00000001995
81,ENSMUSG00000002007
82,ENSMUSG00000002020
83,ENSMUSG00000002033
84,ENSMUSG00000002100
85,ENSMUSG00000002104
86,ENSMUSG00000002107
87,ENSMUSG00000002111
88,ENSMUSG00000002204
89,ENSMUSG00000002233
90,ENSMUSG00000002257
91,ENSMUSG00000002289
92,ENSMUSG00000002458
93,ENSMUSG00000002475
94,ENSMUSG00000002489
95,ENSMUSG00000002602
96,ENSMUSG00000002603
97,ENSMUSG00000002668
98,ENSMUSG00000002688
99,ENSMUSG00000002699
100,ENSMUSG00000002732
101,ENSMUSG00000002769
102,ENSMUSG00000002831
103,ENSMUSG00000002847
104,ENSMUSG00000002881
105,ENSMUSG00000002900
106,ENSMUSG00000002930
107,ENSMUSG00000002944
108,ENSMUSG00000002980
109,ENSMUSG00000002983
110,ENSMUSG00000002985
111,ENSMUSG00000003032
112,ENSMUSG00000003051
113,ENSMUSG00000003228
114,ENSMUSG00000003283
115,ENSMUSG00000003379
116,ENSMUSG00000003382
117,ENSMUSG00000003418
118,ENSMUSG00000003420
119,ENSMUSG00000003477
120,ENSMUSG00000003484
121,ENSMUSG00000003545
122,ENSMUSG00000003573
123,ENSMUSG00000003617
124,ENSMUSG00000003665
125,ENSMUSG00000003746
126,ENSMUSG00000003849
127,ENSMUSG00000003882
128,ENSMUSG00000003955
129,ENSMUSG00000003992
130,ENSMUSG00000004043
131,ENSMUSG00000004098
132,ENSMUSG00000004105
133,ENSMUSG00000004110
134,ENSMUSG00000004151
135,ENSMUSG00000004207
136,ENSMUSG00000004266
137,ENSMUSG00000004359
138,ENSMUSG00000004366
139,ENSMUSG00000004371
140,ENSMUSG00000004451
141,ENSMUSG00000004552
142,ENSMUSG00000004558
143,ENSMUSG00000004612
144,ENSMUSG00000004633
145,ENSMUSG00000004637
146,ENSMUSG00000004651
147,ENSMUSG00000004655
148,ENSMUSG00000004665
149,ENSMUSG00000004698
150,ENSMUSG00000004707
151,ENSMUSG00000004709
152,ENSMUSG00000004791
153,ENSMUSG00000004814
154,ENSMUSG00000004891
155,ENSMUSG00000004933
156,ENSMUSG00000004939
157,ENSMUSG00000004951
158,ENSMUSG00000005054
159,ENSMUSG00000005057
160,ENSMUSG00000005087
161,ENSMUSG00000005089
162,ENSMUSG00000005125
163,ENSMUSG00000005142
164,ENSMUSG00000005220
165,ENSMUSG00000005268
166,ENSMUSG00000005338
167,ENSMUSG00000005360
168,ENSMUSG00000005397
169,ENSMUSG00000005413
170,ENSMUSG00000005474
171,ENSMUSG00000005483
172,ENSMUSG00000005533
173,ENSMUSG00000005534
174,ENSMUSG00000005540
175,ENSMUSG00000005583
176,ENSMUSG00000005672
177,ENSMUSG00000005716
178,ENSMUSG00000005763
179,ENSMUSG00000005800
180,ENSMUSG00000005824
181,ENSMUSG00000005892
182,ENSMUSG00000006014
183,ENSMUSG00000006191
184,ENSMUSG00000006205
185,ENSMUSG00000006221
186,ENSMUSG00000006310
187,ENSMUSG00000006344
188,ENSMUSG00000006356
189,ENSMUSG00000006360
190,ENSMUSG00000006362
191,ENSMUSG00000006369
192,ENSMUSG00000006386
193,ENSMUSG00000006398
194,ENSMUSG00000006403
195,ENSMUSG00000006445
196,ENSMUSG00000006519
197,ENSMUSG00000006522
198,ENSMUSG00000006529
199,ENSMUSG00000006546
200,ENSMUSG00000006574
201,ENSMUSG00000006585
202,ENSMUSG00000006611
203,ENSMUSG00000006651
204,ENSMUSG00000006731
205,ENSMUSG00000006782
206,ENSMUSG00000006800
207,ENSMUSG00000007097
208,ENSMUSG00000007379
209,ENSMUSG00000007476
210,ENSMUSG00000007617
211,ENSMUSG00000007655
212,ENSMUSG00000007682
213,ENSMUSG00000007888
214,ENSMUSG00000007891
215,ENSMUSG00000007908
216,ENSMUSG00000007946
217,ENSMUSG00000008136
218,ENSMUSG00000008193
219,ENSMUSG00000008384
220,ENSMUSG00000008398
221,ENSMUSG00000008496
222,ENSMUSG00000008540
223,ENSMUSG00000008575
224,ENSMUSG00000008734
225,ENSMUSG00000008843
226,ENSMUSG00000008845
227,ENSMUSG00000008999
228,ENSMUSG00000009145
229,ENSMUSG00000009246
230,ENSMUSG00000009281
231,ENSMUSG00000009350
232,ENSMUSG00000009585
233,ENSMUSG00000009628
234,ENSMUSG00000009633
235,ENSMUSG00000009681
236,ENSMUSG00000009734
237,ENSMUSG00000009772
238,ENSMUSG00000009876
239,ENSMUSG00000010047
240,ENSMUSG00000010067
241,ENSMUSG00000010095
242,ENSMUSG00000010142
243,ENSMUSG00000010342
244,ENSMUSG00000010358
245,ENSMUSG00000010461
246,ENSMUSG00000010476
247,ENSMUSG00000010797
248,ENSMUSG00000011008
249,ENSMUSG00000011179
250,ENSMUSG00000011263
251,ENSMUSG00000011305
252,ENSMUSG00000011463
253,ENSMUSG00000011958
254,ENSMUSG00000012428
255,ENSMUSG00000012519
256,ENSMUSG00000012520
257,ENSMUSG00000012705
258,ENSMUSG00000013523
259,ENSMUSG00000013584
260,ENSMUSG00000013936
261,ENSMUSG00000014030
262,ENSMUSG00000014329
263,ENSMUSG00000014351
264,ENSMUSG00000014361
265,ENSMUSG00000014444
266,ENSMUSG00000014547
267,ENSMUSG00000014599
268,ENSMUSG00000014609
269,ENSMUSG00000014704
270,ENSMUSG00000014725
271,ENSMUSG00000014778
272,ENSMUSG00000014813
273,ENSMUSG00000014846
274,ENSMUSG00000014932
275,ENSMUSG00000015053
276,ENSMUSG00000015085
277,ENSMUSG00000015090
278,ENSMUSG00000015133
279,ENSMUSG00000015134
280,ENSMUSG00000015243
281,ENSMUSG00000015305
282,ENSMUSG00000015312
283,ENSMUSG00000015314
284,ENSMUSG00000015316
285,ENSMUSG00000015354
286,ENSMUSG00000015355
287,ENSMUSG00000015396
288,ENSMUSG00000015405
289,ENSMUSG00000015501
290,ENSMUSG00000015519
291,ENSMUSG00000015533
292,ENSMUSG00000015568
293,ENSMUSG00000015619
294,ENSMUSG00000015745
295,ENSMUSG00000015839
296,ENSMUSG00000015852
297,ENSMUSG00000015854
298,ENSMUSG00000015947
299,ENSMUSG00000015950
300,ENSMUSG00000015968
301,ENSMUSG00000016024
302,ENSMUSG00000016087
303,ENSMUSG00000016150
304,ENSMUSG00000016194
305,ENSMUSG00000016200
306,ENSMUSG00000016239
307,ENSMUSG00000016256
308,ENSMUSG00000016344
309,ENSMUSG00000016356
310,ENSMUSG00000016382
311,ENSMUSG00000016458
312,ENSMUSG00000016481
313,ENSMUSG00000016494
314,ENSMUSG00000016496
315,ENSMUSG00000016498
316,ENSMUSG00000016529
317,ENSMUSG00000016763
318,ENSMUSG00000016918
319,ENSMUSG00000017002
320,ENSMUSG00000017007
321,ENSMUSG00000017009
322,ENSMUSG00000017132
323,ENSMUSG00000017144
324,ENSMUSG00000017165
325,ENSMUSG00000017309
326,ENSMUSG00000017311
327,ENSMUSG00000017316
328,ENSMUSG00000017344
329,ENSMUSG00000017400
330,ENSMUSG00000017417
331,ENSMUSG00000017466
332,ENSMUSG00000017491
333,ENSMUSG00000017493
334,ENSMUSG00000017561
335,ENSMUSG00000017607
336,ENSMUSG00000017615
337,ENSMUSG00000017652
338,ENSMUSG00000017677
339,ENSMUSG00000017697
340,ENSMUSG00000017707
341,ENSMUSG00000017716
342,ENSMUSG00000017723
343,ENSMUSG00000017737
344,ENSMUSG00000017754
345,ENSMUSG00000017817
346,ENSMUSG00000017969
347,ENSMUSG00000017978
348,ENSMUSG00000018001
349,ENSMUSG00000018008
350,ENSMUSG00000018168
351,ENSMUSG00000018169
352,ENSMUSG00000018209
353,ENSMUSG00000018217
354,ENSMUSG00000018293
355,ENSMUSG00000018339
356,ENSMUSG00000018381
357,ENSMUSG00000018476
358,ENSMUSG00000018507
359,ENSMUSG00000018585
360,ENSMUSG00000018593
361,ENSMUSG00000018604
362,ENSMUSG00000018623
363,ENSMUSG00000018654
364,ENSMUSG00000018796
365,ENSMUSG00000018821
366,ENSMUSG00000018822
367,ENSMUSG00000018845
368,ENSMUSG00000018849
369,ENSMUSG00000018899
370,ENSMUSG00000018919
371,ENSMUSG00000018920
372,ENSMUSG00000018924
373,ENSMUSG00000018932
374,ENSMUSG00000019102
375,ENSMUSG00000019256
376,ENSMUSG00000019278
377,ENSMUSG00000019326
378,ENSMUSG00000019359
379,ENSMUSG00000019487
380,ENSMUSG00000019489
381,ENSMUSG00000019539
382,ENSMUSG00000019577
383,ENSMUSG00000019647
384,ENSMUSG00000019762
385,ENSMUSG00000019772
386,ENSMUSG00000019789
387,ENSMUSG00000019790
388,ENSMUSG00000019820
389,ENSMUSG00000019823
390,ENSMUSG00000019828
391,ENSMUSG00000019843
392,ENSMUSG00000019846
393,ENSMUSG00000019850
394,ENSMUSG00000019851
395,ENSMUSG00000019872
396,ENSMUSG00000019874
397,ENSMUSG00000019880
398,ENSMUSG00000019888
399,ENSMUSG00000019890
400,ENSMUSG00000019899
401,ENSMUSG00000019900
402,ENSMUSG00000019923
403,ENSMUSG00000019929
404,ENSMUSG00000019942
405,ENSMUSG00000019947
406,ENSMUSG00000019960
407,ENSMUSG00000019966
408,ENSMUSG00000019970
409,ENSMUSG00000019978
410,ENSMUSG00000019982
411,ENSMUSG00000019987
412,ENSMUSG00000020009
413,ENSMUSG00000020027
414,ENSMUSG00000020034
415,ENSMUSG00000020038
416,ENSMUSG00000020044
417,ENSMUSG00000020051
418,ENSMUSG00000020053
419,ENSMUSG00000020077
420,ENSMUSG00000020099
421,ENSMUSG00000020108
422,ENSMUSG00000020120
423,ENSMUSG00000020123
424,ENSMUSG00000020134
425,ENSMUSG00000020143
426,ENSMUSG00000020151
427,ENSMUSG00000020154
428,ENSMUSG00000020159
429,ENSMUSG00000020160
430,ENSMUSG00000020176
431,ENSMUSG00000020177
432,ENSMUSG00000020178
433,ENSMUSG00000020181
434,ENSMUSG00000020183
435,ENSMUSG00000020186
436,ENSMUSG00000020189
437,ENSMUSG00000020190
438,ENSMUSG00000020205
439,ENSMUSG00000020218
440,ENSMUSG00000020227
441,ENSMUSG00000020241
442,ENSMUSG00000020250
443,ENSMUSG00000020253
444,ENSMUSG00000020264
445,ENSMUSG00000020272
446,ENSMUSG00000020275
447,ENSMUSG00000020310
448,ENSMUSG00000020315
449,ENSMUSG00000020325
450,ENSMUSG00000020330
451,ENSMUSG00000020354
452,ENSMUSG00000020357
453,ENSMUSG00000020363
454,ENSMUSG00000020374
455,ENSMUSG00000020388
456,ENSMUSG00000020395
457,ENSMUSG00000020399
458,ENSMUSG00000020405
459,ENSMUSG00000020407
460,ENSMUSG00000020419
461,ENSMUSG00000020427
462,ENSMUSG00000020437
463,ENSMUSG00000020439
464,ENSMUSG00000020467
465,ENSMUSG00000020473
466,ENSMUSG00000020484
467,ENSMUSG00000020542
468,ENSMUSG00000020547
469,ENSMUSG00000020571
470,ENSMUSG00000020572
471,ENSMUSG00000020573
472,ENSMUSG00000020581
473,ENSMUSG00000020592
474,ENSMUSG00000020598
475,ENSMUSG00000020601
476,ENSMUSG00000020611
477,ENSMUSG00000020620
478,ENSMUSG00000020638
479,ENSMUSG00000020641
480,ENSMUSG00000020644
481,ENSMUSG00000020649
482,ENSMUSG00000020654
483,ENSMUSG00000020673
484,ENSMUSG00000020674
485,ENSMUSG00000020681
486,ENSMUSG00000020695
487,ENSMUSG00000020701
488,ENSMUSG00000020704
489,ENSMUSG00000020709
490,ENSMUSG00000020743
491,ENSMUSG00000020744
492,ENSMUSG00000020766
493,ENSMUSG00000020773
494,ENSMUSG00000020774
495,ENSMUSG00000020787
496,ENSMUSG00000020798
497,ENSMUSG00000020806
498,ENSMUSG00000020810
499,ENSMUSG00000020826
500,ENSMUSG00000020830
501,ENSMUSG00000020897
502,ENSMUSG00000020901
503,ENSMUSG00000020911
504,ENSMUSG00000020914
505,ENSMUSG00000020926
506,ENSMUSG00000020928
507,ENSMUSG00000020932
508,ENSMUSG00000020953
509,ENSMUSG00000021010
510,ENSMUSG00000021025
511,ENSMUSG00000021069
512,ENSMUSG00000021087
513,ENSMUSG00000021108
514,ENSMUSG00000021109
515,ENSMUSG00000021123
516,ENSMUSG00000021127
517,ENSMUSG00000021135
518,ENSMUSG00000021136
519,ENSMUSG00000021182
520,ENSMUSG00000021186
521,ENSMUSG00000021190
522,ENSMUSG00000021219
523,ENSMUSG00000021253
524,ENSMUSG00000021280
525,ENSMUSG00000021281
526,ENSMUSG00000021294
527,ENSMUSG00000021313
528,ENSMUSG00000021318
529,ENSMUSG00000021319
530,ENSMUSG00000021356
531,ENSMUSG00000021359
532,ENSMUSG00000021365
533,ENSMUSG00000021367
534,ENSMUSG00000021379
535,ENSMUSG00000021381
536,ENSMUSG00000021384
537,ENSMUSG00000021388
538,ENSMUSG00000021390
539,ENSMUSG00000021411
540,ENSMUSG00000021423
541,ENSMUSG00000021428
542,ENSMUSG00000021453
543,ENSMUSG00000021457
544,ENSMUSG00000021508
545,ENSMUSG00000021536
546,ENSMUSG00000021596
547,ENSMUSG00000021604
548,ENSMUSG00000021613
549,ENSMUSG00000021614
550,ENSMUSG00000021624
551,ENSMUSG00000021647
552,ENSMUSG00000021665
553,ENSMUSG00000021699
554,ENSMUSG00000021701
555,ENSMUSG00000021702
556,ENSMUSG00000021730
557,ENSMUSG00000021749
558,ENSMUSG00000021754
559,ENSMUSG00000021758
560,ENSMUSG00000021760
561,ENSMUSG00000021765
562,ENSMUSG00000021779
563,ENSMUSG00000021795
564,ENSMUSG00000021804
565,ENSMUSG00000021806
566,ENSMUSG00000021822
567,ENSMUSG00000021830
568,ENSMUSG00000021835
569,ENSMUSG00000021838
570,ENSMUSG00000021846
571,ENSMUSG00000021852
572,ENSMUSG00000021876
573,ENSMUSG00000021880
574,ENSMUSG00000021886
575,ENSMUSG00000021892
576,ENSMUSG00000021903
577,ENSMUSG00000021904
578,ENSMUSG00000021907
579,ENSMUSG00000021943
580,ENSMUSG00000021948
581,ENSMUSG00000021959
582,ENSMUSG00000021991
583,ENSMUSG00000021994
584,ENSMUSG00000021998
585,ENSMUSG00000021999
586,ENSMUSG00000022010
587,ENSMUSG00000022012
588,ENSMUSG00000022014
589,ENSMUSG00000022015
590,ENSMUSG00000022018
591,ENSMUSG00000022026
592,ENSMUSG00000022032
593,ENSMUSG00000022033
594,ENSMUSG00000022037
595,ENSMUSG00000022043
596,ENSMUSG00000022044
597,ENSMUSG00000022053
598,ENSMUSG00000022057
599,ENSMUSG00000022076
600,ENSMUSG00000022090
601,ENSMUSG00000022102
602,ENSMUSG00000022103
603,ENSMUSG00000022112
604,ENSMUSG00000022114
605,ENSMUSG00000022122
606,ENSMUSG00000022132
607,ENSMUSG00000022144
608,ENSMUSG00000022146
609,ENSMUSG00000022149
610,ENSMUSG00000022150
611,ENSMUSG00000022178
612,ENSMUSG00000022197
613,ENSMUSG00000022203
614,ENSMUSG00000022205
615,ENSMUSG00000022206
616,ENSMUSG00000022209
617,ENSMUSG00000022225
618,ENSMUSG00000022231
619,ENSMUSG00000022237
620,ENSMUSG00000022240
621,ENSMUSG00000022246
622,ENSMUSG00000022263
623,ENSMUSG00000022272
624,ENSMUSG00000022303
625,ENSMUSG00000022306
626,ENSMUSG00000022309
627,ENSMUSG00000022315
628,ENSMUSG00000022321
629,ENSMUSG00000022322
630,ENSMUSG00000022324
631,ENSMUSG00000022330
632,ENSMUSG00000022367
633,ENSMUSG00000022371
634,ENSMUSG00000022372
635,ENSMUSG00000022377
636,ENSMUSG00000022416
637,ENSMUSG00000022425
638,ENSMUSG00000022435
639,ENSMUSG00000022436
640,ENSMUSG00000022439
641,ENSMUSG00000022443
642,ENSMUSG00000022449
643,ENSMUSG00000022454
644,ENSMUSG00000022468
645,ENSMUSG00000022469
646,ENSMUSG00000022488
647,ENSMUSG00000022490
648,ENSMUSG00000022494
649,ENSMUSG00000022496
650,ENSMUSG00000022500
651,ENSMUSG00000022504
652,ENSMUSG00000022505
653,ENSMUSG00000022512
654,ENSMUSG00000022528
655,ENSMUSG00000022534
656,ENSMUSG00000022548
657,ENSMUSG00000022565
658,ENSMUSG00000022579
659,ENSMUSG00000022598
660,ENSMUSG00000022602
661,ENSMUSG00000022607
662,ENSMUSG00000022610
663,ENSMUSG00000022615
664,ENSMUSG00000022636
665,ENSMUSG00000022637
666,ENSMUSG00000022657
667,ENSMUSG00000022661
668,ENSMUSG00000022665
669,ENSMUSG00000022686
670,ENSMUSG00000022707
671,ENSMUSG00000022708
672,ENSMUSG00000022747
673,ENSMUSG00000022769
674,ENSMUSG00000022799
675,ENSMUSG00000022816
676,ENSMUSG00000022817
677,ENSMUSG00000022824
678,ENSMUSG00000022829
679,ENSMUSG00000022831
680,ENSMUSG00000022836
681,ENSMUSG00000022838
682,ENSMUSG00000022860
683,ENSMUSG00000022864
684,ENSMUSG00000022867
685,ENSMUSG00000022868
686,ENSMUSG00000022876
687,ENSMUSG00000022878
688,ENSMUSG00000022883
689,ENSMUSG00000022893
690,ENSMUSG00000022894
691,ENSMUSG00000022895
692,ENSMUSG00000022901
693,ENSMUSG00000022912
694,ENSMUSG00000022951
695,ENSMUSG00000022952
696,ENSMUSG00000022960
697,ENSMUSG00000022965
698,ENSMUSG00000023000
699,ENSMUSG00000023004
700,ENSMUSG00000023008
701,ENSMUSG00000023022
702,ENSMUSG00000023031
703,ENSMUSG00000023034
704,ENSMUSG00000023039
705,ENSMUSG00000023043
706,ENSMUSG00000023045
707,ENSMUSG00000023046
708,ENSMUSG00000023064
709,ENSMUSG00000023067
710,ENSMUSG00000023078
711,ENSMUSG00000023084
712,ENSMUSG00000023132
713,ENSMUSG00000023169
714,ENSMUSG00000023216
715,ENSMUSG00000023224
716,ENSMUSG00000023232
717,ENSMUSG00000023243
718,ENSMUSG00000023247
719,ENSMUSG00000023249
720,ENSMUSG00000023272
721,ENSMUSG00000023274
722,ENSMUSG00000023336
723,ENSMUSG00000023349
724,ENSMUSG00000023367
725,ENSMUSG00000023484
726,ENSMUSG00000023505
727,ENSMUSG00000023827
728,ENSMUSG00000023828
729,ENSMUSG00000023868
730,ENSMUSG00000023885
731,ENSMUSG00000023886
732,ENSMUSG00000023903
733,ENSMUSG00000023913
734,ENSMUSG00000023923
735,ENSMUSG00000023927
736,ENSMUSG00000023945
737,ENSMUSG00000023947
738,ENSMUSG00000023959
739,ENSMUSG00000023964
740,ENSMUSG00000023965
741,ENSMUSG00000023987
742,ENSMUSG00000023992
743,ENSMUSG00000023993
744,ENSMUSG00000024011
745,ENSMUSG00000024014
746,ENSMUSG00000024027
747,ENSMUSG00000024028
748,ENSMUSG00000024029
749,ENSMUSG00000024032
750,ENSMUSG00000024042
751,ENSMUSG00000024049
752,ENSMUSG00000024053
753,ENSMUSG00000024054
754,ENSMUSG00000024056
755,ENSMUSG00000024063
756,ENSMUSG00000024065
757,ENSMUSG00000024066
758,ENSMUSG00000024076
759,ENSMUSG00000024087
760,ENSMUSG00000024109
761,ENSMUSG00000024131
762,ENSMUSG00000024135
763,ENSMUSG00000024140
764,ENSMUSG00000024164
765,ENSMUSG00000024168
766,ENSMUSG00000024176
767,ENSMUSG00000024184
768,ENSMUSG00000024190
769,ENSMUSG00000024197
770,ENSMUSG00000024206
771,ENSMUSG00000024211
772,ENSMUSG00000024225
773,ENSMUSG00000024232
774,ENSMUSG00000024235
775,ENSMUSG00000024236
776,ENSMUSG00000024238
777,ENSMUSG00000024299
778,ENSMUSG00000024300
779,ENSMUSG00000024302
780,ENSMUSG00000024306
781,ENSMUSG00000024347
782,ENSMUSG00000024353
783,ENSMUSG00000024354
784,ENSMUSG00000024366
785,ENSMUSG00000024379
786,ENSMUSG00000024381
787,ENSMUSG00000024395
788,ENSMUSG00000024420
789,ENSMUSG00000024421
790,ENSMUSG00000024427
791,ENSMUSG00000024440
792,ENSMUSG00000024451
793,ENSMUSG00000024471
794,ENSMUSG00000024486
795,ENSMUSG00000024500
796,ENSMUSG00000024501
797,ENSMUSG00000024503
798,ENSMUSG00000024511
799,ENSMUSG00000024521
800,ENSMUSG00000024525
801,ENSMUSG00000024526
802,ENSMUSG00000024529
803,ENSMUSG00000024538
804,ENSMUSG00000024544
805,ENSMUSG00000024589
806,ENSMUSG00000024590
807,ENSMUSG00000024593
808,ENSMUSG00000024597
809,ENSMUSG00000024598
810,ENSMUSG00000024610
811,ENSMUSG00000024619
812,ENSMUSG00000024620
813,ENSMUSG00000024621
814,ENSMUSG00000024642
815,ENSMUSG00000024653
816,ENSMUSG00000024659
817,ENSMUSG00000024664
818,ENSMUSG00000024669
819,ENSMUSG00000024670
820,ENSMUSG00000024673
821,ENSMUSG00000024680
822,ENSMUSG00000024691
823,ENSMUSG00000024696
824,ENSMUSG00000024713
825,ENSMUSG00000024725
826,ENSMUSG00000024727
827,ENSMUSG00000024731
828,ENSMUSG00000024737
829,ENSMUSG00000024770
830,ENSMUSG00000024772
831,ENSMUSG00000024778
832,ENSMUSG00000024781
833,ENSMUSG00000024793
834,ENSMUSG00000024798
835,ENSMUSG00000024803
836,ENSMUSG00000024810
837,ENSMUSG00000024854
838,ENSMUSG00000024873
839,ENSMUSG00000024899
840,ENSMUSG00000024907
841,ENSMUSG00000024910
842,ENSMUSG00000024912
843,ENSMUSG00000024965
844,ENSMUSG00000024987
845,ENSMUSG00000024990
846,ENSMUSG00000024998
847,ENSMUSG00000025014
848,ENSMUSG00000025017
849,ENSMUSG00000025044
850,ENSMUSG00000025064
851,ENSMUSG00000025066
852,ENSMUSG00000025068
853,ENSMUSG00000025083
854,ENSMUSG00000025085
855,ENSMUSG00000025128
856,ENSMUSG00000025161
857,ENSMUSG00000025163
858,ENSMUSG00000025185
859,ENSMUSG00000025190
860,ENSMUSG00000025215
861,ENSMUSG00000025225
862,ENSMUSG00000025270
863,ENSMUSG00000025279
864,ENSMUSG00000025283
865,ENSMUSG00000025348
866,ENSMUSG00000025355
867,ENSMUSG00000025357
868,ENSMUSG00000025362
869,ENSMUSG00000025383
870,ENSMUSG00000025401
871,ENSMUSG00000025407
872,ENSMUSG00000025408
873,ENSMUSG00000025468
874,ENSMUSG00000025473
875,ENSMUSG00000025479
876,ENSMUSG00000025511
877,ENSMUSG00000025551
878,ENSMUSG00000025573
879,ENSMUSG00000025574
880,ENSMUSG00000025582
881,ENSMUSG00000025592
882,ENSMUSG00000025597
883,ENSMUSG00000025608
884,ENSMUSG00000025647
885,ENSMUSG00000025658
886,ENSMUSG00000025666
887,ENSMUSG00000025716
888,ENSMUSG00000025739
889,ENSMUSG00000025743
890,ENSMUSG00000025746
891,ENSMUSG00000025758
892,ENSMUSG00000025776
893,ENSMUSG00000025780
894,ENSMUSG00000025784
895,ENSMUSG00000025789
896,ENSMUSG00000025795
897,ENSMUSG00000025809
898,ENSMUSG00000025810
899,ENSMUSG00000025812
900,ENSMUSG00000025823
901,ENSMUSG00000025856
902,ENSMUSG00000025877
903,ENSMUSG00000025880
904,ENSMUSG00000025885
905,ENSMUSG00000025892
906,ENSMUSG00000025902
907,ENSMUSG00000025909
908,ENSMUSG00000025921
909,ENSMUSG00000025929
910,ENSMUSG00000025930
911,ENSMUSG00000025938
912,ENSMUSG00000025959
913,ENSMUSG00000025964
914,ENSMUSG00000025969
915,ENSMUSG00000025977
916,ENSMUSG00000025978
917,ENSMUSG00000025981
918,ENSMUSG00000025997
919,ENSMUSG00000026003
920,ENSMUSG00000026009
921,ENSMUSG00000026011
922,ENSMUSG00000026012
923,ENSMUSG00000026029
924,ENSMUSG00000026031
925,ENSMUSG00000026042
926,ENSMUSG00000026058
927,ENSMUSG00000026068
928,ENSMUSG00000026070
929,ENSMUSG00000026073
930,ENSMUSG00000026074
931,ENSMUSG00000026080
932,ENSMUSG00000026094
933,ENSMUSG00000026103
934,ENSMUSG00000026104
935,ENSMUSG00000026107
936,ENSMUSG00000026109
937,ENSMUSG00000026121
938,ENSMUSG00000026126
939,ENSMUSG00000026141
940,ENSMUSG00000026149
941,ENSMUSG00000026153
942,ENSMUSG00000026158
943,ENSMUSG00000026163
944,ENSMUSG00000026166
945,ENSMUSG00000026177
946,ENSMUSG00000026180
947,ENSMUSG00000026185
948,ENSMUSG00000026193
949,ENSMUSG00000026208
950,ENSMUSG00000026222
951,ENSMUSG00000026235
952,ENSMUSG00000026241
953,ENSMUSG00000026247
954,ENSMUSG00000026249
955,ENSMUSG00000026255
956,ENSMUSG00000026271
957,ENSMUSG00000026272
958,ENSMUSG00000026274
959,ENSMUSG00000026278
960,ENSMUSG00000026295
961,ENSMUSG00000026301
962,ENSMUSG00000026335
963,ENSMUSG00000026347
964,ENSMUSG00000026357
965,ENSMUSG00000026358
966,ENSMUSG00000026360
967,ENSMUSG00000026385
968,ENSMUSG00000026390
969,ENSMUSG00000026398
970,ENSMUSG00000026407
971,ENSMUSG00000026414
972,ENSMUSG00000026417
973,ENSMUSG00000026418
974,ENSMUSG00000026420
975,ENSMUSG00000026421
976,ENSMUSG00000026424
977,ENSMUSG00000026458
978,ENSMUSG00000026469
979,ENSMUSG00000026475
980,ENSMUSG00000026478
981,ENSMUSG00000026479
982,ENSMUSG00000026480
983,ENSMUSG00000026482
984,ENSMUSG00000026527
985,ENSMUSG00000026532
986,ENSMUSG00000026542
987,ENSMUSG00000026548
988,ENSMUSG00000026574
989,ENSMUSG00000026580
990,ENSMUSG00000026581
991,ENSMUSG00000026582
992,ENSMUSG00000026586
993,ENSMUSG00000026592
994,ENSMUSG00000026594
995,ENSMUSG00000026604
996,ENSMUSG00000026605
997,ENSMUSG00000026609
998,ENSMUSG00000026610
999,ENSMUSG00000026616
1000,ENSMUSG00000026620
1001,ENSMUSG00000026628
1002,ENSMUSG00000026630
1003,ENSMUSG00000026639
1004,ENSMUSG00000026655
1005,ENSMUSG00000026657
1006,ENSMUSG00000026670
1007,ENSMUSG00000026674
1008,ENSMUSG00000026676
1009,ENSMUSG00000026678
1010,ENSMUSG00000026697
1011,ENSMUSG00000026700
1012,ENSMUSG00000026712
1013,ENSMUSG00000026721
1014,ENSMUSG00000026728
1015,ENSMUSG00000026735
1016,ENSMUSG00000026748
1017,ENSMUSG00000026768
1018,ENSMUSG00000026770
1019,ENSMUSG00000026773
1020,ENSMUSG00000026778
1021,ENSMUSG00000026785
1022,ENSMUSG00000026786
1023,ENSMUSG00000026787
1024,ENSMUSG00000026814
1025,ENSMUSG00000026818
1026,ENSMUSG00000026822
1027,ENSMUSG00000026824
1028,ENSMUSG00000026826
1029,ENSMUSG00000026832
1030,ENSMUSG00000026835
1031,ENSMUSG00000026837
1032,ENSMUSG00000026840
1033,ENSMUSG00000026841
1034,ENSMUSG00000026864
1035,ENSMUSG00000026866
1036,ENSMUSG00000026872
1037,ENSMUSG00000026875
1038,ENSMUSG00000026879
1039,ENSMUSG00000026880
1040,ENSMUSG00000026896
1041,ENSMUSG00000026904
1042,ENSMUSG00000026921
1043,ENSMUSG00000026923
1044,ENSMUSG00000026946
1045,ENSMUSG00000026950
1046,ENSMUSG00000026970
1047,ENSMUSG00000026981
1048,ENSMUSG00000026989
1049,ENSMUSG00000027009
1050,ENSMUSG00000027015
1051,ENSMUSG00000027068
1052,ENSMUSG00000027072
1053,ENSMUSG00000027073
1054,ENSMUSG00000027074
1055,ENSMUSG00000027082
1056,ENSMUSG00000027102
1057,ENSMUSG00000027111
1058,ENSMUSG00000027115
1059,ENSMUSG00000027167
1060,ENSMUSG00000027199
1061,ENSMUSG00000027200
1062,ENSMUSG00000027204
1063,ENSMUSG00000027208
1064,ENSMUSG00000027210
1065,ENSMUSG00000027215
1066,ENSMUSG00000027217
1067,ENSMUSG00000027221
1068,ENSMUSG00000027238
1069,ENSMUSG00000027239
1070,ENSMUSG00000027253
1071,ENSMUSG00000027276
1072,ENSMUSG00000027293
1073,ENSMUSG00000027306
1074,ENSMUSG00000027314
1075,ENSMUSG00000027318
1076,ENSMUSG00000027333
1077,ENSMUSG00000027338
1078,ENSMUSG00000027339
1079,ENSMUSG00000027351
1080,ENSMUSG00000027358
1081,ENSMUSG00000027360
1082,ENSMUSG00000027361
1083,ENSMUSG00000027368
1084,ENSMUSG00000027375
1085,ENSMUSG00000027377
1086,ENSMUSG00000027381
1087,ENSMUSG00000027397
1088,ENSMUSG00000027398
1089,ENSMUSG00000027399
1090,ENSMUSG00000027400
1091,ENSMUSG00000027408
1092,ENSMUSG00000027420
1093,ENSMUSG00000027423
1094,ENSMUSG00000027435
1095,ENSMUSG00000027459
1096,ENSMUSG00000027463
1097,ENSMUSG00000027469
1098,ENSMUSG00000027474
1099,ENSMUSG00000027500
1100,ENSMUSG00000027508
1101,ENSMUSG00000027510
1102,ENSMUSG00000027513
1103,ENSMUSG00000027514
1104,ENSMUSG00000027524
1105,ENSMUSG00000027533
1106,ENSMUSG00000027544
1107,ENSMUSG00000027559
1108,ENSMUSG00000027562
1109,ENSMUSG00000027574
1110,ENSMUSG00000027577
1111,ENSMUSG00000027580
1112,ENSMUSG00000027596
1113,ENSMUSG00000027611
1114,ENSMUSG00000027636
1115,ENSMUSG00000027639
1116,ENSMUSG00000027654
1117,ENSMUSG00000027660
1118,ENSMUSG00000027669
1119,ENSMUSG00000027670
1120,ENSMUSG00000027674
1121,ENSMUSG00000027684
1122,ENSMUSG00000027690
1123,ENSMUSG00000027692
1124,ENSMUSG00000027716
1125,ENSMUSG00000027718
1126,ENSMUSG00000027737
1127,ENSMUSG00000027750
1128,ENSMUSG00000027761
1129,ENSMUSG00000027776
1130,ENSMUSG00000027790
1131,ENSMUSG00000027797
1132,ENSMUSG00000027799
1133,ENSMUSG00000027800
1134,ENSMUSG00000027801
1135,ENSMUSG00000027803
1136,ENSMUSG00000027820
1137,ENSMUSG00000027827
1138,ENSMUSG00000027832
1139,ENSMUSG00000027843
1140,ENSMUSG00000027848
1141,ENSMUSG00000027859
1142,ENSMUSG00000027861
1143,ENSMUSG00000027863
1144,ENSMUSG00000027875
1145,ENSMUSG00000027876
1146,ENSMUSG00000027878
1147,ENSMUSG00000027907
1148,ENSMUSG00000027954
1149,ENSMUSG00000027962
1150,ENSMUSG00000027966
1151,ENSMUSG00000027971
1152,ENSMUSG00000027985
1153,ENSMUSG00000027995
1154,ENSMUSG00000027996
1155,ENSMUSG00000028003
1156,ENSMUSG00000028017
1157,ENSMUSG00000028031
1158,ENSMUSG00000028033
1159,ENSMUSG00000028037
1160,ENSMUSG00000028041
1161,ENSMUSG00000028063
1162,ENSMUSG00000028064
1163,ENSMUSG00000028071
1164,ENSMUSG00000028072
1165,ENSMUSG00000028073
1166,ENSMUSG00000028080
1167,ENSMUSG00000028086
1168,ENSMUSG00000028100
1169,ENSMUSG00000028108
1170,ENSMUSG00000028111
1171,ENSMUSG00000028128
1172,ENSMUSG00000028159
1173,ENSMUSG00000028161
1174,ENSMUSG00000028163
1175,ENSMUSG00000028175
1176,ENSMUSG00000028211
1177,ENSMUSG00000028214
1178,ENSMUSG00000028222
1179,ENSMUSG00000028226
1180,ENSMUSG00000028234
1181,ENSMUSG00000028238
1182,ENSMUSG00000028255
1183,ENSMUSG00000028259
1184,ENSMUSG00000028266
1185,ENSMUSG00000028273
1186,ENSMUSG00000028298
1187,ENSMUSG00000028307
1188,ENSMUSG00000028312
1189,ENSMUSG00000028332
1190,ENSMUSG00000028339
1191,ENSMUSG00000028341
1192,ENSMUSG00000028354
1193,ENSMUSG00000028356
1194,ENSMUSG00000028360
1195,ENSMUSG00000028362
1196,ENSMUSG00000028364
1197,ENSMUSG00000028367
1198,ENSMUSG00000028369
1199,ENSMUSG00000028370
1200,ENSMUSG00000028378
1201,ENSMUSG00000028381
1202,ENSMUSG00000028386
1203,ENSMUSG00000028399
1204,ENSMUSG00000028410
1205,ENSMUSG00000028413
1206,ENSMUSG00000028415
1207,ENSMUSG00000028435
1208,ENSMUSG00000028445
1209,ENSMUSG00000028459
1210,ENSMUSG00000028460
1211,ENSMUSG00000028463
1212,ENSMUSG00000028465
1213,ENSMUSG00000028480
1214,ENSMUSG00000028487
1215,ENSMUSG00000028488
1216,ENSMUSG00000028494
1217,ENSMUSG00000028524
1218,ENSMUSG00000028525
1219,ENSMUSG00000028553
1220,ENSMUSG00000028565
1221,ENSMUSG00000028581
1222,ENSMUSG00000028583
1223,ENSMUSG00000028599
1224,ENSMUSG00000028600
1225,ENSMUSG00000028602
1226,ENSMUSG00000028635
1227,ENSMUSG00000028645
1228,ENSMUSG00000028657
1229,ENSMUSG00000028691
1230,ENSMUSG00000028713
1231,ENSMUSG00000028717
1232,ENSMUSG00000028763
1233,ENSMUSG00000028766
1234,ENSMUSG00000028771
1235,ENSMUSG00000028776
1236,ENSMUSG00000028780
1237,ENSMUSG00000028793
1238,ENSMUSG00000028832
1239,ENSMUSG00000028838
1240,ENSMUSG00000028843
1241,ENSMUSG00000028859
1242,ENSMUSG00000028862
1243,ENSMUSG00000028864
1244,ENSMUSG00000028871
1245,ENSMUSG00000028873
1246,ENSMUSG00000028874
1247,ENSMUSG00000028943
1248,ENSMUSG00000028965
1249,ENSMUSG00000028967
1250,ENSMUSG00000028978
1251,ENSMUSG00000028996
1252,ENSMUSG00000029019
1253,ENSMUSG00000029061
1254,ENSMUSG00000029070
1255,ENSMUSG00000029075
1256,ENSMUSG00000029082
1257,ENSMUSG00000029084
1258,ENSMUSG00000029096
1259,ENSMUSG00000029123
1260,ENSMUSG00000029135
1261,ENSMUSG00000029167
1262,ENSMUSG00000029177
1263,ENSMUSG00000029178
1264,ENSMUSG00000029188
1265,ENSMUSG00000029193
1266,ENSMUSG00000029201
1267,ENSMUSG00000029204
1268,ENSMUSG00000029205
1269,ENSMUSG00000029207
1270,ENSMUSG00000029223
1271,ENSMUSG00000029231
1272,ENSMUSG00000029245
1273,ENSMUSG00000029249
1274,ENSMUSG00000029254
1275,ENSMUSG00000029272
1276,ENSMUSG00000029275
1277,ENSMUSG00000029287
1278,ENSMUSG00000029304
1279,ENSMUSG00000029307
1280,ENSMUSG00000029309
1281,ENSMUSG00000029321
1282,ENSMUSG00000029322
1283,ENSMUSG00000029338
1284,ENSMUSG00000029352
1285,ENSMUSG00000029368
1286,ENSMUSG00000029371
1287,ENSMUSG00000029372
1288,ENSMUSG00000029377
1289,ENSMUSG00000029378
1290,ENSMUSG00000029401
1291,ENSMUSG00000029413
1292,ENSMUSG00000029417
1293,ENSMUSG00000029436
1294,ENSMUSG00000029449
1295,ENSMUSG00000029455
1296,ENSMUSG00000029465
1297,ENSMUSG00000029467
1298,ENSMUSG00000029468
1299,ENSMUSG00000029475
1300,ENSMUSG00000029484
1301,ENSMUSG00000029516
1302,ENSMUSG00000029522
1303,ENSMUSG00000029530
1304,ENSMUSG00000029553
1305,ENSMUSG00000029563
1306,ENSMUSG00000029570
1307,ENSMUSG00000029580
1308,ENSMUSG00000029581
1309,ENSMUSG00000029597
1310,ENSMUSG00000029603
1311,ENSMUSG00000029622
1312,ENSMUSG00000029641
1313,ENSMUSG00000029648
1314,ENSMUSG00000029651
1315,ENSMUSG00000029656
1316,ENSMUSG00000029657
1317,ENSMUSG00000029659
1318,ENSMUSG00000029661
1319,ENSMUSG00000029664
1320,ENSMUSG00000029669
1321,ENSMUSG00000029671
1322,ENSMUSG00000029673
1323,ENSMUSG00000029675
1324,ENSMUSG00000029700
1325,ENSMUSG00000029710
1326,ENSMUSG00000029718
1327,ENSMUSG00000029755
1328,ENSMUSG00000029757
1329,ENSMUSG00000029761
1330,ENSMUSG00000029765
1331,ENSMUSG00000029771
1332,ENSMUSG00000029778
1333,ENSMUSG00000029798
1334,ENSMUSG00000029810
1335,ENSMUSG00000029814
1336,ENSMUSG00000029816
1337,ENSMUSG00000029819
1338,ENSMUSG00000029826
1339,ENSMUSG00000029838
1340,ENSMUSG00000029844
1341,ENSMUSG00000029915
1342,ENSMUSG00000029919
1343,ENSMUSG00000029925
1344,ENSMUSG00000029994
1345,ENSMUSG00000030022
1346,ENSMUSG00000030029
1347,ENSMUSG00000030042
1348,ENSMUSG00000030047
1349,ENSMUSG00000030054
1350,ENSMUSG00000030056
1351,ENSMUSG00000030069
1352,ENSMUSG00000030077
1353,ENSMUSG00000030102
1354,ENSMUSG00000030103
1355,ENSMUSG00000030104
1356,ENSMUSG00000030107
1357,ENSMUSG00000030108
1358,ENSMUSG00000030109
1359,ENSMUSG00000030111
1360,ENSMUSG00000030114
1361,ENSMUSG00000030116
1362,ENSMUSG00000030117
1363,ENSMUSG00000030123
1364,ENSMUSG00000030124
1365,ENSMUSG00000030142
1366,ENSMUSG00000030144
1367,ENSMUSG00000030156
1368,ENSMUSG00000030159
1369,ENSMUSG00000030162
1370,ENSMUSG00000030165
1371,ENSMUSG00000030172
1372,ENSMUSG00000030189
1373,ENSMUSG00000030199
1374,ENSMUSG00000030208
1375,ENSMUSG00000030214
1376,ENSMUSG00000030217
1377,ENSMUSG00000030218
1378,ENSMUSG00000030219
1379,ENSMUSG00000030220
1380,ENSMUSG00000030223
1381,ENSMUSG00000030228
1382,ENSMUSG00000030246
1383,ENSMUSG00000030247
1384,ENSMUSG00000030249
1385,ENSMUSG00000030268
1386,ENSMUSG00000030272
1387,ENSMUSG00000030287
1388,ENSMUSG00000030291
1389,ENSMUSG00000030315
1390,ENSMUSG00000030317
1391,ENSMUSG00000030336
1392,ENSMUSG00000030341
1393,ENSMUSG00000030342
1394,ENSMUSG00000030351
1395,ENSMUSG00000030352
1396,ENSMUSG00000030402
1397,ENSMUSG00000030403
1398,ENSMUSG00000030413
1399,ENSMUSG00000030465
1400,ENSMUSG00000030470
1401,ENSMUSG00000030472
1402,ENSMUSG00000030495
1403,ENSMUSG00000030528
1404,ENSMUSG00000030530
1405,ENSMUSG00000030549
1406,ENSMUSG00000030551
1407,ENSMUSG00000030554
1408,ENSMUSG00000030560
1409,ENSMUSG00000030562
1410,ENSMUSG00000030577
1411,ENSMUSG00000030579
1412,ENSMUSG00000030583
1413,ENSMUSG00000030587
1414,ENSMUSG00000030589
1415,ENSMUSG00000030592
1416,ENSMUSG00000030605
1417,ENSMUSG00000030606
1418,ENSMUSG00000030616
1419,ENSMUSG00000030650
1420,ENSMUSG00000030659
1421,ENSMUSG00000030666
1422,ENSMUSG00000030669
1423,ENSMUSG00000030671
1424,ENSMUSG00000030691
1425,ENSMUSG00000030693
1426,ENSMUSG00000030703
1427,ENSMUSG00000030707
1428,ENSMUSG00000030708
1429,ENSMUSG00000030717
1430,ENSMUSG00000030724
1431,ENSMUSG00000030737
1432,ENSMUSG00000030742
1433,ENSMUSG00000030745
1434,ENSMUSG00000030747
1435,ENSMUSG00000030748
1436,ENSMUSG00000030772
1437,ENSMUSG00000030775
1438,ENSMUSG00000030782
1439,ENSMUSG00000030785
1440,ENSMUSG00000030786
1441,ENSMUSG00000030787
1442,ENSMUSG00000030789
1443,ENSMUSG00000030790
1444,ENSMUSG00000030792
1445,ENSMUSG00000030793
1446,ENSMUSG00000030796
1447,ENSMUSG00000030798
1448,ENSMUSG00000030827
1449,ENSMUSG00000030830
1450,ENSMUSG00000030844
1451,ENSMUSG00000030849
1452,ENSMUSG00000030854
1453,ENSMUSG00000030862
1454,ENSMUSG00000030865
1455,ENSMUSG00000030930
1456,ENSMUSG00000030934
1457,ENSMUSG00000030954
1458,ENSMUSG00000030963
1459,ENSMUSG00000031004
1460,ENSMUSG00000031015
1461,ENSMUSG00000031027
1462,ENSMUSG00000031070
1463,ENSMUSG00000031073
1464,ENSMUSG00000031075
1465,ENSMUSG00000031093
1466,ENSMUSG00000031101
1467,ENSMUSG00000031132
1468,ENSMUSG00000031133
1469,ENSMUSG00000031137
1470,ENSMUSG00000031162
1471,ENSMUSG00000031165
1472,ENSMUSG00000031170
1473,ENSMUSG00000031200
1474,ENSMUSG00000031207
1475,ENSMUSG00000031209
1476,ENSMUSG00000031216
1477,ENSMUSG00000031217
1478,ENSMUSG00000031230
1479,ENSMUSG00000031239
1480,ENSMUSG00000031253
1481,ENSMUSG00000031258
1482,ENSMUSG00000031264
1483,ENSMUSG00000031266
1484,ENSMUSG00000031271
1485,ENSMUSG00000031273
1486,ENSMUSG00000031274
1487,ENSMUSG00000031283
1488,ENSMUSG00000031289
1489,ENSMUSG00000031297
1490,ENSMUSG00000031303
1491,ENSMUSG00000031304
1492,ENSMUSG00000031309
1493,ENSMUSG00000031328
1494,ENSMUSG00000031342
1495,ENSMUSG00000031343
1496,ENSMUSG00000031375
1497,ENSMUSG00000031377
1498,ENSMUSG00000031385
1499,ENSMUSG00000031387
1500,ENSMUSG00000031389
1501,ENSMUSG00000031390
1502,ENSMUSG00000031391
1503,ENSMUSG00000031397
1504,ENSMUSG00000031425
1505,ENSMUSG00000031431
1506,ENSMUSG00000031444
1507,ENSMUSG00000031451
1508,ENSMUSG00000031465
1509,ENSMUSG00000031488
1510,ENSMUSG00000031491
1511,ENSMUSG00000031497
1512,ENSMUSG00000031502
1513,ENSMUSG00000031503
1514,ENSMUSG00000031504
1515,ENSMUSG00000031506
1516,ENSMUSG00000031517
1517,ENSMUSG00000031530
1518,ENSMUSG00000031537
1519,ENSMUSG00000031538
1520,ENSMUSG00000031548
1521,ENSMUSG00000031551
1522,ENSMUSG00000031557
1523,ENSMUSG00000031558
1524,ENSMUSG00000031561
1525,ENSMUSG00000031563
1526,ENSMUSG00000031574
1527,ENSMUSG00000031586
1528,ENSMUSG00000031594
1529,ENSMUSG00000031596
1530,ENSMUSG00000031610
1531,ENSMUSG00000031613
1532,ENSMUSG00000031616
1533,ENSMUSG00000031618
1534,ENSMUSG00000031629
1535,ENSMUSG00000031635
1536,ENSMUSG00000031636
1537,ENSMUSG00000031642
1538,ENSMUSG00000031659
1539,ENSMUSG00000031661
1540,ENSMUSG00000031662
1541,ENSMUSG00000031673
1542,ENSMUSG00000031710
1543,ENSMUSG00000031712
1544,ENSMUSG00000031734
1545,ENSMUSG00000031740
1546,ENSMUSG00000031750
1547,ENSMUSG00000031765
1548,ENSMUSG00000031770
1549,ENSMUSG00000031778
1550,ENSMUSG00000031779
1551,ENSMUSG00000031780
1552,ENSMUSG00000031789
1553,ENSMUSG00000031799
1554,ENSMUSG00000031805
1555,ENSMUSG00000031825
1556,ENSMUSG00000031827
1557,ENSMUSG00000031841
1558,ENSMUSG00000031842
1559,ENSMUSG00000031871
1560,ENSMUSG00000031875
1561,ENSMUSG00000031880
1562,ENSMUSG00000031883
1563,ENSMUSG00000031896
1564,ENSMUSG00000031897
1565,ENSMUSG00000031925
1566,ENSMUSG00000031934
1567,ENSMUSG00000031972
1568,ENSMUSG00000031980
1569,ENSMUSG00000031990
1570,ENSMUSG00000031994
1571,ENSMUSG00000031997
1572,ENSMUSG00000032000
1573,ENSMUSG00000032006
1574,ENSMUSG00000032010
1575,ENSMUSG00000032011
1576,ENSMUSG00000032014
1577,ENSMUSG00000032015
1578,ENSMUSG00000032020
1579,ENSMUSG00000032021
1580,ENSMUSG00000032028
1581,ENSMUSG00000032035
1582,ENSMUSG00000032036
1583,ENSMUSG00000032038
1584,ENSMUSG00000032053
1585,ENSMUSG00000032060
1586,ENSMUSG00000032068
1587,ENSMUSG00000032076
1588,ENSMUSG00000032083
1589,ENSMUSG00000032085
1590,ENSMUSG00000032087
1591,ENSMUSG00000032089
1592,ENSMUSG00000032093
1593,ENSMUSG00000032094
1594,ENSMUSG00000032122
1595,ENSMUSG00000032125
1596,ENSMUSG00000032135
1597,ENSMUSG00000032174
1598,ENSMUSG00000032179
1599,ENSMUSG00000032198
1600,ENSMUSG00000032204
1601,ENSMUSG00000032218
1602,ENSMUSG00000032220
1603,ENSMUSG00000032231
1604,ENSMUSG00000032238
1605,ENSMUSG00000032254
1606,ENSMUSG00000032268
1607,ENSMUSG00000032271
1608,ENSMUSG00000032281
1609,ENSMUSG00000032289
1610,ENSMUSG00000032298
1611,ENSMUSG00000032310
1612,ENSMUSG00000032312
1613,ENSMUSG00000032322
1614,ENSMUSG00000032332
1615,ENSMUSG00000032334
1616,ENSMUSG00000032343
1617,ENSMUSG00000032355
1618,ENSMUSG00000032359
1619,ENSMUSG00000032363
1620,ENSMUSG00000032366
1621,ENSMUSG00000032373
1622,ENSMUSG00000032374
1623,ENSMUSG00000032387
1624,ENSMUSG00000032402
1625,ENSMUSG00000032420
1626,ENSMUSG00000032436
1627,ENSMUSG00000032440
1628,ENSMUSG00000032446
1629,ENSMUSG00000032454
1630,ENSMUSG00000032473
1631,ENSMUSG00000032487
1632,ENSMUSG00000032492
1633,ENSMUSG00000032496
1634,ENSMUSG00000032502
1635,ENSMUSG00000032503
1636,ENSMUSG00000032515
1637,ENSMUSG00000032532
1638,ENSMUSG00000032537
1639,ENSMUSG00000032548
1640,ENSMUSG00000032554
1641,ENSMUSG00000032556
1642,ENSMUSG00000032562
1643,ENSMUSG00000032564
1644,ENSMUSG00000032575
1645,ENSMUSG00000032578
1646,ENSMUSG00000032596
1647,ENSMUSG00000032609
1648,ENSMUSG00000032625
1649,ENSMUSG00000032640
1650,ENSMUSG00000032648
1651,ENSMUSG00000032661
1652,ENSMUSG00000032688
1653,ENSMUSG00000032691
1654,ENSMUSG00000032698
1655,ENSMUSG00000032714
1656,ENSMUSG00000032717
1657,ENSMUSG00000032719
1658,ENSMUSG00000032724
1659,ENSMUSG00000032725
1660,ENSMUSG00000032744
1661,ENSMUSG00000032754
1662,ENSMUSG00000032766
1663,ENSMUSG00000032776
1664,ENSMUSG00000032802
1665,ENSMUSG00000032818
1666,ENSMUSG00000032827
1667,ENSMUSG00000032841
1668,ENSMUSG00000032845
1669,ENSMUSG00000032846
1670,ENSMUSG00000032860
1671,ENSMUSG00000032911
1672,ENSMUSG00000032925
1673,ENSMUSG00000032946
1674,ENSMUSG00000032978
1675,ENSMUSG00000033006
1676,ENSMUSG00000033016
1677,ENSMUSG00000033032
1678,ENSMUSG00000033033
1679,ENSMUSG00000033061
1680,ENSMUSG00000033066
1681,ENSMUSG00000033082
1682,ENSMUSG00000033083
1683,ENSMUSG00000033107
1684,ENSMUSG00000033174
1685,ENSMUSG00000033191
1686,ENSMUSG00000033192
1687,ENSMUSG00000033208
1688,ENSMUSG00000033209
1689,ENSMUSG00000033213
1690,ENSMUSG00000033220
1691,ENSMUSG00000033227
1692,ENSMUSG00000033278
1693,ENSMUSG00000033287
1694,ENSMUSG00000033306
1695,ENSMUSG00000033308
1696,ENSMUSG00000033350
1697,ENSMUSG00000033361
1698,ENSMUSG00000033377
1699,ENSMUSG00000033420
1700,ENSMUSG00000033446
1701,ENSMUSG00000033453
1702,ENSMUSG00000033491
1703,ENSMUSG00000033502
1704,ENSMUSG00000033508
1705,ENSMUSG00000033554
1706,ENSMUSG00000033685
1707,ENSMUSG00000033721
1708,ENSMUSG00000033730
1709,ENSMUSG00000033740
1710,ENSMUSG00000033752
1711,ENSMUSG00000033769
1712,ENSMUSG00000033788
1713,ENSMUSG00000033826
1714,ENSMUSG00000033831
1715,ENSMUSG00000033860
1716,ENSMUSG00000033885
1717,ENSMUSG00000033952
1718,ENSMUSG00000033981
1719,ENSMUSG00000033987
1720,ENSMUSG00000034028
1721,ENSMUSG00000034037
1722,ENSMUSG00000034041
1723,ENSMUSG00000034098
1724,ENSMUSG00000034116
1725,ENSMUSG00000034127
1726,ENSMUSG00000034135
1727,ENSMUSG00000034139
1728,ENSMUSG00000034164
1729,ENSMUSG00000034209
1730,ENSMUSG00000034258
1731,ENSMUSG00000034265
1732,ENSMUSG00000034266
1733,ENSMUSG00000034271
1734,ENSMUSG00000034290
1735,ENSMUSG00000034310
1736,ENSMUSG00000034317
1737,ENSMUSG00000034324
1738,ENSMUSG00000034330
1739,ENSMUSG00000034349
1740,ENSMUSG00000034353
1741,ENSMUSG00000034361
1742,ENSMUSG00000034387
1743,ENSMUSG00000034394
1744,ENSMUSG00000034422
1745,ENSMUSG00000034463
1746,ENSMUSG00000034485
1747,ENSMUSG00000034488
1748,ENSMUSG00000034520
1749,ENSMUSG00000034528
1750,ENSMUSG00000034614
1751,ENSMUSG00000034640
1752,ENSMUSG00000034656
1753,ENSMUSG00000034663
1754,ENSMUSG00000034664
1755,ENSMUSG00000034684
1756,ENSMUSG00000034708
1757,ENSMUSG00000034731
1758,ENSMUSG00000034765
1759,ENSMUSG00000034783
1760,ENSMUSG00000034792
1761,ENSMUSG00000034810
1762,ENSMUSG00000034833
1763,ENSMUSG00000034837
1764,ENSMUSG00000034839
1765,ENSMUSG00000034842
1766,ENSMUSG00000034845
1767,ENSMUSG00000034855
1768,ENSMUSG00000034868
1769,ENSMUSG00000034871
1770,ENSMUSG00000034872
1771,ENSMUSG00000034881
1772,ENSMUSG00000034911
1773,ENSMUSG00000034957
1774,ENSMUSG00000034968
1775,ENSMUSG00000034987
1776,ENSMUSG00000035021
1777,ENSMUSG00000035105
1778,ENSMUSG00000035131
1779,ENSMUSG00000035161
1780,ENSMUSG00000035165
1781,ENSMUSG00000035202
1782,ENSMUSG00000035236
1783,ENSMUSG00000035258
1784,ENSMUSG00000035268
1785,ENSMUSG00000035273
1786,ENSMUSG00000035305
1787,ENSMUSG00000035356
1788,ENSMUSG00000035357
1789,ENSMUSG00000035383
1790,ENSMUSG00000035385
1791,ENSMUSG00000035448
1792,ENSMUSG00000035456
1793,ENSMUSG00000035459
1794,ENSMUSG00000035493
1795,ENSMUSG00000035528
1796,ENSMUSG00000035540
1797,ENSMUSG00000035557
1798,ENSMUSG00000035566
1799,ENSMUSG00000035621
1800,ENSMUSG00000035649
1801,ENSMUSG00000035653
1802,ENSMUSG00000035673
1803,ENSMUSG00000035678
1804,ENSMUSG00000035686
1805,ENSMUSG00000035692
1806,ENSMUSG00000035711
1807,ENSMUSG00000035783
1808,ENSMUSG00000035799
1809,ENSMUSG00000035805
1810,ENSMUSG00000035828
1811,ENSMUSG00000035864
1812,ENSMUSG00000035896
1813,ENSMUSG00000035930
1814,ENSMUSG00000035954
1815,ENSMUSG00000035963
1816,ENSMUSG00000035964
1817,ENSMUSG00000036040
1818,ENSMUSG00000036095
1819,ENSMUSG00000036103
1820,ENSMUSG00000036106
1821,ENSMUSG00000036117
1822,ENSMUSG00000036144
1823,ENSMUSG00000036169
1824,ENSMUSG00000036218
1825,ENSMUSG00000036246
1826,ENSMUSG00000036256
1827,ENSMUSG00000036264
1828,ENSMUSG00000036273
1829,ENSMUSG00000036298
1830,ENSMUSG00000036306
1831,ENSMUSG00000036334
1832,ENSMUSG00000036356
1833,ENSMUSG00000036362
1834,ENSMUSG00000036381
1835,ENSMUSG00000036390
1836,ENSMUSG00000036401
1837,ENSMUSG00000036412
1838,ENSMUSG00000036437
1839,ENSMUSG00000036446
1840,ENSMUSG00000036452
1841,ENSMUSG00000036459
1842,ENSMUSG00000036478
1843,ENSMUSG00000036526
1844,ENSMUSG00000036528
1845,ENSMUSG00000036533
1846,ENSMUSG00000036545
1847,ENSMUSG00000036560
1848,ENSMUSG00000036565
1849,ENSMUSG00000036570
1850,ENSMUSG00000036578
1851,ENSMUSG00000036585
1852,ENSMUSG00000036587
1853,ENSMUSG00000036617
1854,ENSMUSG00000036634
1855,ENSMUSG00000036655
1856,ENSMUSG00000036743
1857,ENSMUSG00000036752
1858,ENSMUSG00000036790
1859,ENSMUSG00000036792
1860,ENSMUSG00000036800
1861,ENSMUSG00000036815
1862,ENSMUSG00000036854
1863,ENSMUSG00000036862
1864,ENSMUSG00000036867
1865,ENSMUSG00000036887
1866,ENSMUSG00000036894
1867,ENSMUSG00000036896
1868,ENSMUSG00000036902
1869,ENSMUSG00000036905
1870,ENSMUSG00000036907
1871,ENSMUSG00000036908
1872,ENSMUSG00000036931
1873,ENSMUSG00000036943
1874,ENSMUSG00000036944
1875,ENSMUSG00000036986
1876,ENSMUSG00000037005
1877,ENSMUSG00000037010
1878,ENSMUSG00000037012
1879,ENSMUSG00000037016
1880,ENSMUSG00000037035
1881,ENSMUSG00000037053
1882,ENSMUSG00000037138
1883,ENSMUSG00000037139
1884,ENSMUSG00000037166
1885,ENSMUSG00000037196
1886,ENSMUSG00000037202
1887,ENSMUSG00000037211
1888,ENSMUSG00000037225
1889,ENSMUSG00000037236
1890,ENSMUSG00000037242
1891,ENSMUSG00000037278
1892,ENSMUSG00000037280
1893,ENSMUSG00000037318
1894,ENSMUSG00000037337
1895,ENSMUSG00000037379
1896,ENSMUSG00000037386
1897,ENSMUSG00000037405
1898,ENSMUSG00000037406
1899,ENSMUSG00000037411
1900,ENSMUSG00000037416
1901,ENSMUSG00000037419
1902,ENSMUSG00000037428
1903,ENSMUSG00000037447
1904,ENSMUSG00000037474
1905,ENSMUSG00000037492
1906,ENSMUSG00000037533
1907,ENSMUSG00000037552
1908,ENSMUSG00000037553
1909,ENSMUSG00000037577
1910,ENSMUSG00000037621
1911,ENSMUSG00000037646
1912,ENSMUSG00000037653
1913,ENSMUSG00000037683
1914,ENSMUSG00000037689
1915,ENSMUSG00000037706
1916,ENSMUSG00000037709
1917,ENSMUSG00000037712
1918,ENSMUSG00000037731
1919,ENSMUSG00000037736
1920,ENSMUSG00000037754
1921,ENSMUSG00000037759
1922,ENSMUSG00000037797
1923,ENSMUSG00000037813
1924,ENSMUSG00000037820
1925,ENSMUSG00000037855
1926,ENSMUSG00000037860
1927,ENSMUSG00000037868
1928,ENSMUSG00000037876
1929,ENSMUSG00000037892
1930,ENSMUSG00000037913
1931,ENSMUSG00000037922
1932,ENSMUSG00000037926
1933,ENSMUSG00000037936
1934,ENSMUSG00000037940
1935,ENSMUSG00000037942
1936,ENSMUSG00000037944
1937,ENSMUSG00000037946
1938,ENSMUSG00000037953
1939,ENSMUSG00000037972
1940,ENSMUSG00000037990
1941,ENSMUSG00000037992
1942,ENSMUSG00000037999
1943,ENSMUSG00000038037
1944,ENSMUSG00000038045
1945,ENSMUSG00000038067
1946,ENSMUSG00000038115
1947,ENSMUSG00000038128
1948,ENSMUSG00000038145
1949,ENSMUSG00000038146
1950,ENSMUSG00000038147
1951,ENSMUSG00000038151
1952,ENSMUSG00000038173
1953,ENSMUSG00000038175
1954,ENSMUSG00000038179
1955,ENSMUSG00000038193
1956,ENSMUSG00000038204
1957,ENSMUSG00000038209
1958,ENSMUSG00000038227
1959,ENSMUSG00000038236
1960,ENSMUSG00000038304
1961,ENSMUSG00000038305
1962,ENSMUSG00000038312
1963,ENSMUSG00000038349
1964,ENSMUSG00000038352
1965,ENSMUSG00000038357
1966,ENSMUSG00000038368
1967,ENSMUSG00000038370
1968,ENSMUSG00000038371
1969,ENSMUSG00000038387
1970,ENSMUSG00000038393
1971,ENSMUSG00000038400
1972,ENSMUSG00000038412
1973,ENSMUSG00000038415
1974,ENSMUSG00000038418
1975,ENSMUSG00000038421
1976,ENSMUSG00000038457
1977,ENSMUSG00000038463
1978,ENSMUSG00000038498
1979,ENSMUSG00000038508
1980,ENSMUSG00000038518
1981,ENSMUSG00000038523
1982,ENSMUSG00000038530
1983,ENSMUSG00000038539
1984,ENSMUSG00000038543
1985,ENSMUSG00000038583
1986,ENSMUSG00000038587
1987,ENSMUSG00000038602
1988,ENSMUSG00000038608
1989,ENSMUSG00000038612
1990,ENSMUSG00000038623
1991,ENSMUSG00000038642
1992,ENSMUSG00000038644
1993,ENSMUSG00000038663
1994,ENSMUSG00000038665
1995,ENSMUSG00000038668
1996,ENSMUSG00000038676
1997,ENSMUSG00000038718
1998,ENSMUSG00000038721
1999,ENSMUSG00000038745
2000,ENSMUSG00000038811
2001,ENSMUSG00000038855
2002,ENSMUSG00000038871
2003,ENSMUSG00000038872
2004,ENSMUSG00000038954
2005,ENSMUSG00000038963
2006,ENSMUSG00000038980
2007,ENSMUSG00000038991
2008,ENSMUSG00000039004
2009,ENSMUSG00000039005
2010,ENSMUSG00000039037
2011,ENSMUSG00000039057
2012,ENSMUSG00000039062
2013,ENSMUSG00000039070
2014,ENSMUSG00000039084
2015,ENSMUSG00000039109
2016,ENSMUSG00000039114
2017,ENSMUSG00000039126
2018,ENSMUSG00000039145
2019,ENSMUSG00000039153
2020,ENSMUSG00000039158
2021,ENSMUSG00000039193
2022,ENSMUSG00000039232
2023,ENSMUSG00000039239
2024,ENSMUSG00000039275
2025,ENSMUSG00000039286
2026,ENSMUSG00000039304
2027,ENSMUSG00000039315
2028,ENSMUSG00000039316
2029,ENSMUSG00000039323
2030,ENSMUSG00000039328
2031,ENSMUSG00000039349
2032,ENSMUSG00000039377
2033,ENSMUSG00000039384
2034,ENSMUSG00000039385
2035,ENSMUSG00000039405
2036,ENSMUSG00000039476
2037,ENSMUSG00000039488
2038,ENSMUSG00000039521
2039,ENSMUSG00000039533
2040,ENSMUSG00000039539
2041,ENSMUSG00000039578
2042,ENSMUSG00000039607
2043,ENSMUSG00000039621
2044,ENSMUSG00000039683
2045,ENSMUSG00000039697
2046,ENSMUSG00000039699
2047,ENSMUSG00000039706
2048,ENSMUSG00000039716
2049,ENSMUSG00000039717
2050,ENSMUSG00000039760
2051,ENSMUSG00000039783
2052,ENSMUSG00000039831
2053,ENSMUSG00000039851
2054,ENSMUSG00000039899
2055,ENSMUSG00000039910
2056,ENSMUSG00000039911
2057,ENSMUSG00000039936
2058,ENSMUSG00000039942
2059,ENSMUSG00000039943
2060,ENSMUSG00000039956
2061,ENSMUSG00000039959
2062,ENSMUSG00000039981
2063,ENSMUSG00000039987
2064,ENSMUSG00000039994
2065,ENSMUSG00000040003
2066,ENSMUSG00000040037
2067,ENSMUSG00000040046
2068,ENSMUSG00000040061
2069,ENSMUSG00000040118
2070,ENSMUSG00000040152
2071,ENSMUSG00000040158
2072,ENSMUSG00000040170
2073,ENSMUSG00000040205
2074,ENSMUSG00000040212
2075,ENSMUSG00000040229
2076,ENSMUSG00000040247
2077,ENSMUSG00000040249
2078,ENSMUSG00000040254
2079,ENSMUSG00000040260
2080,ENSMUSG00000040265
2081,ENSMUSG00000040270
2082,ENSMUSG00000040274
2083,ENSMUSG00000040280
2084,ENSMUSG00000040283
2085,ENSMUSG00000040289
2086,ENSMUSG00000040314
2087,ENSMUSG00000040345
2088,ENSMUSG00000040350
2089,ENSMUSG00000040420
2090,ENSMUSG00000040430
2091,ENSMUSG00000040435
2092,ENSMUSG00000040447
2093,ENSMUSG00000040452
2094,ENSMUSG00000040466
2095,ENSMUSG00000040483
2096,ENSMUSG00000040488
2097,ENSMUSG00000040498
2098,ENSMUSG00000040552
2099,ENSMUSG00000040564
2100,ENSMUSG00000040592
2101,ENSMUSG00000040624
2102,ENSMUSG00000040627
2103,ENSMUSG00000040652
2104,ENSMUSG00000040659
2105,ENSMUSG00000040663
2106,ENSMUSG00000040680
2107,ENSMUSG00000040690
2108,ENSMUSG00000040699
2109,ENSMUSG00000040710
2110,ENSMUSG00000040723
2111,ENSMUSG00000040724
2112,ENSMUSG00000040732
2113,ENSMUSG00000040747
2114,ENSMUSG00000040751
2115,ENSMUSG00000040759
2116,ENSMUSG00000040808
2117,ENSMUSG00000040820
2118,ENSMUSG00000040829
2119,ENSMUSG00000040856
2120,ENSMUSG00000040899
2121,ENSMUSG00000040929
2122,ENSMUSG00000040936
2123,ENSMUSG00000040940
2124,ENSMUSG00000040957
2125,ENSMUSG00000040963
2126,ENSMUSG00000040966
2127,ENSMUSG00000041014
2128,ENSMUSG00000041046
2129,ENSMUSG00000041112
2130,ENSMUSG00000041120
2131,ENSMUSG00000041134
2132,ENSMUSG00000041202
2133,ENSMUSG00000041245
2134,ENSMUSG00000041248
2135,ENSMUSG00000041272
2136,ENSMUSG00000041301
2137,ENSMUSG00000041324
2138,ENSMUSG00000041329
2139,ENSMUSG00000041347
2140,ENSMUSG00000041378
2141,ENSMUSG00000041390
2142,ENSMUSG00000041417
2143,ENSMUSG00000041423
2144,ENSMUSG00000041445
2145,ENSMUSG00000041482
2146,ENSMUSG00000041515
2147,ENSMUSG00000041540
2148,ENSMUSG00000041550
2149,ENSMUSG00000041559
2150,ENSMUSG00000041565
2151,ENSMUSG00000041567
2152,ENSMUSG00000041577
2153,ENSMUSG00000041624
2154,ENSMUSG00000041642
2155,ENSMUSG00000041644
2156,ENSMUSG00000041696
2157,ENSMUSG00000041703
2158,ENSMUSG00000041731
2159,ENSMUSG00000041736
2160,ENSMUSG00000041741
2161,ENSMUSG00000041794
2162,ENSMUSG00000041801
2163,ENSMUSG00000041827
2164,ENSMUSG00000041831
2165,ENSMUSG00000041836
2166,ENSMUSG00000041849
2167,ENSMUSG00000041859
2168,ENSMUSG00000041886
2169,ENSMUSG00000041890
2170,ENSMUSG00000041920
2171,ENSMUSG00000041923
2172,ENSMUSG00000041954
2173,ENSMUSG00000041959
2174,ENSMUSG00000041974
2175,ENSMUSG00000041992
2176,ENSMUSG00000042099
2177,ENSMUSG00000042116
2178,ENSMUSG00000042190
2179,ENSMUSG00000042228
2180,ENSMUSG00000042244
2181,ENSMUSG00000042254
2182,ENSMUSG00000042256
2183,ENSMUSG00000042265
2184,ENSMUSG00000042284
2185,ENSMUSG00000042286
2186,ENSMUSG00000042302
2187,ENSMUSG00000042306
2188,ENSMUSG00000042312
2189,ENSMUSG00000042345
2190,ENSMUSG00000042348
2191,ENSMUSG00000042351
2192,ENSMUSG00000042364
2193,ENSMUSG00000042371
2194,ENSMUSG00000042379
2195,ENSMUSG00000042385
2196,ENSMUSG00000042401
2197,ENSMUSG00000042436
2198,ENSMUSG00000042448
2199,ENSMUSG00000042453
2200,ENSMUSG00000042501
2201,ENSMUSG00000042514
2202,ENSMUSG00000042524
2203,ENSMUSG00000042594
2204,ENSMUSG00000042622
2205,ENSMUSG00000042677
2206,ENSMUSG00000042729
2207,ENSMUSG00000042745
2208,ENSMUSG00000042757
2209,ENSMUSG00000042759
2210,ENSMUSG00000042770
2211,ENSMUSG00000042804
2212,ENSMUSG00000042807
2213,ENSMUSG00000042808
2214,ENSMUSG00000042812
2215,ENSMUSG00000042817
2216,ENSMUSG00000042821
2217,ENSMUSG00000042846
2218,ENSMUSG00000042961
2219,ENSMUSG00000042978
2220,ENSMUSG00000042988
2221,ENSMUSG00000043003
2222,ENSMUSG00000043008
2223,ENSMUSG00000043017
2224,ENSMUSG00000043079
2225,ENSMUSG00000043091
2226,ENSMUSG00000043099
2227,ENSMUSG00000043157
2228,ENSMUSG00000043230
2229,ENSMUSG00000043251
2230,ENSMUSG00000043252
2231,ENSMUSG00000043286
2232,ENSMUSG00000043301
2233,ENSMUSG00000043336
2234,ENSMUSG00000043342
2235,ENSMUSG00000043366
2236,ENSMUSG00000043415
2237,ENSMUSG00000043421
2238,ENSMUSG00000043456
2239,ENSMUSG00000043501
2240,ENSMUSG00000043531
2241,ENSMUSG00000043556
2242,ENSMUSG00000043613
2243,ENSMUSG00000043760
2244,ENSMUSG00000043931
2245,ENSMUSG00000043940
2246,ENSMUSG00000043953
2247,ENSMUSG00000044006
2248,ENSMUSG00000044042
2249,ENSMUSG00000044052
2250,ENSMUSG00000044080
2251,ENSMUSG00000044122
2252,ENSMUSG00000044139
2253,ENSMUSG00000044162
2254,ENSMUSG00000044197
2255,ENSMUSG00000044199
2256,ENSMUSG00000044206
2257,ENSMUSG00000044217
2258,ENSMUSG00000044220
2259,ENSMUSG00000044312
2260,ENSMUSG00000044320
2261,ENSMUSG00000044337
2262,ENSMUSG00000044338
2263,ENSMUSG00000044350
2264,ENSMUSG00000044456
2265,ENSMUSG00000044469
2266,ENSMUSG00000044477
2267,ENSMUSG00000044499
2268,ENSMUSG00000044562
2269,ENSMUSG00000044583
2270,ENSMUSG00000044647
2271,ENSMUSG00000044674
2272,ENSMUSG00000044678
2273,ENSMUSG00000044701
2274,ENSMUSG00000044708
2275,ENSMUSG00000044786
2276,ENSMUSG00000044827
2277,ENSMUSG00000044906
2278,ENSMUSG00000044912
2279,ENSMUSG00000044921
2280,ENSMUSG00000044988
2281,ENSMUSG00000045038
2282,ENSMUSG00000045083
2283,ENSMUSG00000045087
2284,ENSMUSG00000045092
2285,ENSMUSG00000045095
2286,ENSMUSG00000045103
2287,ENSMUSG00000045136
2288,ENSMUSG00000045165
2289,ENSMUSG00000045201
2290,ENSMUSG00000045312
2291,ENSMUSG00000045318
2292,ENSMUSG00000045326
2293,ENSMUSG00000045328
2294,ENSMUSG00000045377
2295,ENSMUSG00000045382
2296,ENSMUSG00000045545
2297,ENSMUSG00000045551
2298,ENSMUSG00000045573
2299,ENSMUSG00000045613
2300,ENSMUSG00000045658
2301,ENSMUSG00000045664
2302,ENSMUSG00000045667
2303,ENSMUSG00000045680
2304,ENSMUSG00000045690
2305,ENSMUSG00000045730
2306,ENSMUSG00000045731
2307,ENSMUSG00000045763
2308,ENSMUSG00000045826
2309,ENSMUSG00000045875
2310,ENSMUSG00000045903
2311,ENSMUSG00000045930
2312,ENSMUSG00000045932
2313,ENSMUSG00000045991
2314,ENSMUSG00000046006
2315,ENSMUSG00000046008
2316,ENSMUSG00000046080
2317,ENSMUSG00000046108
2318,ENSMUSG00000046159
2319,ENSMUSG00000046186
2320,ENSMUSG00000046207
2321,ENSMUSG00000046223
2322,ENSMUSG00000046280
2323,ENSMUSG00000046318
2324,ENSMUSG00000046321
2325,ENSMUSG00000046323
2326,ENSMUSG00000046337
2327,ENSMUSG00000046338
2328,ENSMUSG00000046352
2329,ENSMUSG00000046402
2330,ENSMUSG00000046442
2331,ENSMUSG00000046460
2332,ENSMUSG00000046480
2333,ENSMUSG00000046491
2334,ENSMUSG00000046523
2335,ENSMUSG00000046532
2336,ENSMUSG00000046546
2337,ENSMUSG00000046618
2338,ENSMUSG00000046688
2339,ENSMUSG00000046709
2340,ENSMUSG00000046718
2341,ENSMUSG00000046733
2342,ENSMUSG00000046768
2343,ENSMUSG00000046834
2344,ENSMUSG00000046916
2345,ENSMUSG00000047104
2346,ENSMUSG00000047109
2347,ENSMUSG00000047161
2348,ENSMUSG00000047197
2349,ENSMUSG00000047216
2350,ENSMUSG00000047230
2351,ENSMUSG00000047250
2352,ENSMUSG00000047261
2353,ENSMUSG00000047281
2354,ENSMUSG00000047330
2355,ENSMUSG00000047368
2356,ENSMUSG00000047369
2357,ENSMUSG00000047407
2358,ENSMUSG00000047414
2359,ENSMUSG00000047420
2360,ENSMUSG00000047428
2361,ENSMUSG00000047454
2362,ENSMUSG00000047497
2363,ENSMUSG00000047517
2364,ENSMUSG00000047557
2365,ENSMUSG00000047591
2366,ENSMUSG00000047604
2367,ENSMUSG00000047712
2368,ENSMUSG00000047735
2369,ENSMUSG00000047747
2370,ENSMUSG00000047793
2371,ENSMUSG00000047861
2372,ENSMUSG00000047867
2373,ENSMUSG00000047878
2374,ENSMUSG00000047880
2375,ENSMUSG00000047898
2376,ENSMUSG00000047907
2377,ENSMUSG00000047921
2378,ENSMUSG00000047945
2379,ENSMUSG00000048031
2380,ENSMUSG00000048096
2381,ENSMUSG00000048120
2382,ENSMUSG00000048126
2383,ENSMUSG00000048163
2384,ENSMUSG00000048234
2385,ENSMUSG00000048251
2386,ENSMUSG00000048264
2387,ENSMUSG00000048277
2388,ENSMUSG00000048285
2389,ENSMUSG00000048327
2390,ENSMUSG00000048349
2391,ENSMUSG00000048373
2392,ENSMUSG00000048376
2393,ENSMUSG00000048377
2394,ENSMUSG00000048387
2395,ENSMUSG00000048402
2396,ENSMUSG00000048410
2397,ENSMUSG00000048450
2398,ENSMUSG00000048480
2399,ENSMUSG00000048490
2400,ENSMUSG00000048498
2401,ENSMUSG00000048521
2402,ENSMUSG00000048537
2403,ENSMUSG00000048546
2404,ENSMUSG00000048612
2405,ENSMUSG00000048776
2406,ENSMUSG00000048779
2407,ENSMUSG00000048865
2408,ENSMUSG00000048915
2409,ENSMUSG00000048960
2410,ENSMUSG00000049001
2411,ENSMUSG00000049037
2412,ENSMUSG00000049092
2413,ENSMUSG00000049093
2414,ENSMUSG00000049107
2415,ENSMUSG00000049112
2416,ENSMUSG00000049130
2417,ENSMUSG00000049148
2418,ENSMUSG00000049176
2419,ENSMUSG00000049252
2420,ENSMUSG00000049265
2421,ENSMUSG00000049336
2422,ENSMUSG00000049350
2423,ENSMUSG00000049404
2424,ENSMUSG00000049436
2425,ENSMUSG00000049491
2426,ENSMUSG00000049516
2427,ENSMUSG00000049521
2428,ENSMUSG00000049604
2429,ENSMUSG00000049608
2430,ENSMUSG00000049625
2431,ENSMUSG00000049686
2432,ENSMUSG00000049690
2433,ENSMUSG00000049744
2434,ENSMUSG00000049775
2435,ENSMUSG00000049791
2436,ENSMUSG00000049796
2437,ENSMUSG00000049866
2438,ENSMUSG00000049892
2439,ENSMUSG00000049907
2440,ENSMUSG00000049928
2441,ENSMUSG00000049929
2442,ENSMUSG00000049985
2443,ENSMUSG00000049988
2444,ENSMUSG00000050010
2445,ENSMUSG00000050063
2446,ENSMUSG00000050069
2447,ENSMUSG00000050075
2448,ENSMUSG00000050103
2449,ENSMUSG00000050105
2450,ENSMUSG00000050106
2451,ENSMUSG00000050147
2452,ENSMUSG00000050199
2453,ENSMUSG00000050212
2454,ENSMUSG00000050232
2455,ENSMUSG00000050234
2456,ENSMUSG00000050288
2457,ENSMUSG00000050295
2458,ENSMUSG00000050315
2459,ENSMUSG00000050321
2460,ENSMUSG00000050335
2461,ENSMUSG00000050350
2462,ENSMUSG00000050368
2463,ENSMUSG00000050370
2464,ENSMUSG00000050395
2465,ENSMUSG00000050440
2466,ENSMUSG00000050468
2467,ENSMUSG00000050493
2468,ENSMUSG00000050578
2469,ENSMUSG00000050587
2470,ENSMUSG00000050592
2471,ENSMUSG00000050600
2472,ENSMUSG00000050628
2473,ENSMUSG00000050663
2474,ENSMUSG00000050666
2475,ENSMUSG00000050711
2476,ENSMUSG00000050730
2477,ENSMUSG00000050737
2478,ENSMUSG00000050840
2479,ENSMUSG00000050860
2480,ENSMUSG00000050912
2481,ENSMUSG00000050919
2482,ENSMUSG00000050921
2483,ENSMUSG00000050957
2484,ENSMUSG00000051022
2485,ENSMUSG00000051041
2486,ENSMUSG00000051079
2487,ENSMUSG00000051159
2488,ENSMUSG00000051166
2489,ENSMUSG00000051177
2490,ENSMUSG00000051212
2491,ENSMUSG00000051225
2492,ENSMUSG00000051236
2493,ENSMUSG00000051323
2494,ENSMUSG00000051354
2495,ENSMUSG00000051379
2496,ENSMUSG00000051397
2497,ENSMUSG00000051401
2498,ENSMUSG00000051439
2499,ENSMUSG00000051506
2500,ENSMUSG00000051517
2501,ENSMUSG00000051669
2502,ENSMUSG00000051727
2503,ENSMUSG00000051747
2504,ENSMUSG00000051811
2505,ENSMUSG00000051855
2506,ENSMUSG00000051910
2507,ENSMUSG00000051951
2508,ENSMUSG00000051980
2509,ENSMUSG00000051985
2510,ENSMUSG00000051998
2511,ENSMUSG00000052013
2512,ENSMUSG00000052026
2513,ENSMUSG00000052062
2514,ENSMUSG00000052085
2515,ENSMUSG00000052099
2516,ENSMUSG00000052133
2517,ENSMUSG00000052142
2518,ENSMUSG00000052160
2519,ENSMUSG00000052229
2520,ENSMUSG00000052336
2521,ENSMUSG00000052372
2522,ENSMUSG00000052374
2523,ENSMUSG00000052387
2524,ENSMUSG00000052415
2525,ENSMUSG00000052430
2526,ENSMUSG00000052435
2527,ENSMUSG00000052468
2528,ENSMUSG00000052504
2529,ENSMUSG00000052516
2530,ENSMUSG00000052539
2531,ENSMUSG00000052544
2532,ENSMUSG00000052551
2533,ENSMUSG00000052560
2534,ENSMUSG00000052572
2535,ENSMUSG00000052581
2536,ENSMUSG00000052631
2537,ENSMUSG00000052684
2538,ENSMUSG00000052821
2539,ENSMUSG00000052837
2540,ENSMUSG00000052889
2541,ENSMUSG00000052911
2542,ENSMUSG00000052920
2543,ENSMUSG00000052921
2544,ENSMUSG00000052942
2545,ENSMUSG00000052955
2546,ENSMUSG00000052957
2547,ENSMUSG00000053004
2548,ENSMUSG00000053007
2549,ENSMUSG00000053062
2550,ENSMUSG00000053063
2551,ENSMUSG00000053113
2552,ENSMUSG00000053137
2553,ENSMUSG00000053141
2554,ENSMUSG00000053153
2555,ENSMUSG00000053158
2556,ENSMUSG00000053310
2557,ENSMUSG00000053318
2558,ENSMUSG00000053398
2559,ENSMUSG00000053399
2560,ENSMUSG00000053465
2561,ENSMUSG00000053469
2562,ENSMUSG00000053475
2563,ENSMUSG00000053477
2564,ENSMUSG00000053559
2565,ENSMUSG00000053560
2566,ENSMUSG00000053593
2567,ENSMUSG00000053626
2568,ENSMUSG00000053702
2569,ENSMUSG00000053825
2570,ENSMUSG00000053907
2571,ENSMUSG00000053931
2572,ENSMUSG00000053977
2573,ENSMUSG00000054146
2574,ENSMUSG00000054162
2575,ENSMUSG00000054206
2576,ENSMUSG00000054252
2577,ENSMUSG00000054321
2578,ENSMUSG00000054342
2579,ENSMUSG00000054360
2580,ENSMUSG00000054364
2581,ENSMUSG00000054404
2582,ENSMUSG00000054422
2583,ENSMUSG00000054435
2584,ENSMUSG00000054446
2585,ENSMUSG00000054555
2586,ENSMUSG00000054580
2587,ENSMUSG00000054640
2588,ENSMUSG00000054675
2589,ENSMUSG00000054690
2590,ENSMUSG00000054717
2591,ENSMUSG00000054843
2592,ENSMUSG00000054855
2593,ENSMUSG00000054871
2594,ENSMUSG00000054889
2595,ENSMUSG00000054892
2596,ENSMUSG00000054932
2597,ENSMUSG00000054951
2598,ENSMUSG00000055013
2599,ENSMUSG00000055022
2600,ENSMUSG00000055044
2601,ENSMUSG00000055067
2602,ENSMUSG00000055148
2603,ENSMUSG00000055170
2604,ENSMUSG00000055235
2605,ENSMUSG00000055322
2606,ENSMUSG00000055421
2607,ENSMUSG00000055430
2608,ENSMUSG00000055435
2609,ENSMUSG00000055471
2610,ENSMUSG00000055538
2611,ENSMUSG00000055540
2612,ENSMUSG00000055546
2613,ENSMUSG00000055561
2614,ENSMUSG00000055612
2615,ENSMUSG00000055632
2616,ENSMUSG00000055639
2617,ENSMUSG00000055653
2618,ENSMUSG00000055691
2619,ENSMUSG00000055761
2620,ENSMUSG00000055805
2621,ENSMUSG00000055994
2622,ENSMUSG00000056054
2623,ENSMUSG00000056073
2624,ENSMUSG00000056121
2625,ENSMUSG00000056209
2626,ENSMUSG00000056220
2627,ENSMUSG00000056258
2628,ENSMUSG00000056413
2629,ENSMUSG00000056427
2630,ENSMUSG00000056481
2631,ENSMUSG00000056498
2632,ENSMUSG00000056501
2633,ENSMUSG00000056515
2634,ENSMUSG00000056529
2635,ENSMUSG00000056569
2636,ENSMUSG00000056708
2637,ENSMUSG00000056737
2638,ENSMUSG00000056755
2639,ENSMUSG00000056870
2640,ENSMUSG00000056888
2641,ENSMUSG00000056899
2642,ENSMUSG00000056917
2643,ENSMUSG00000056947
2644,ENSMUSG00000057058
2645,ENSMUSG00000057060
2646,ENSMUSG00000057092
2647,ENSMUSG00000057098
2648,ENSMUSG00000057123
2649,ENSMUSG00000057132
2650,ENSMUSG00000057135
2651,ENSMUSG00000057137
2652,ENSMUSG00000057191
2653,ENSMUSG00000057193
2654,ENSMUSG00000057286
2655,ENSMUSG00000057315
2656,ENSMUSG00000057329
2657,ENSMUSG00000057337
2658,ENSMUSG00000057378
2659,ENSMUSG00000057440
2660,ENSMUSG00000057604
2661,ENSMUSG00000057716
2662,ENSMUSG00000057719
2663,ENSMUSG00000057722
2664,ENSMUSG00000057777
2665,ENSMUSG00000057778
2666,ENSMUSG00000057914
2667,ENSMUSG00000057948
2668,ENSMUSG00000057967
2669,ENSMUSG00000058056
2670,ENSMUSG00000058070
2671,ENSMUSG00000058099
2672,ENSMUSG00000058152
2673,ENSMUSG00000058290
2674,ENSMUSG00000058297
2675,ENSMUSG00000058571
2676,ENSMUSG00000058589
2677,ENSMUSG00000058624
2678,ENSMUSG00000058656
2679,ENSMUSG00000058672
2680,ENSMUSG00000058715
2681,ENSMUSG00000058755
2682,ENSMUSG00000058794
2683,ENSMUSG00000058806
2684,ENSMUSG00000058897
2685,ENSMUSG00000059003
2686,ENSMUSG00000059013
2687,ENSMUSG00000059060
2688,ENSMUSG00000059146
2689,ENSMUSG00000059173
2690,ENSMUSG00000059325
2691,ENSMUSG00000059336
2692,ENSMUSG00000059412
2693,ENSMUSG00000059430
2694,ENSMUSG00000059439
2695,ENSMUSG00000059493
2696,ENSMUSG00000059588
2697,ENSMUSG00000059602
2698,ENSMUSG00000059668
2699,ENSMUSG00000059674
2700,ENSMUSG00000059742
2701,ENSMUSG00000059810
2702,ENSMUSG00000059824
2703,ENSMUSG00000059857
2704,ENSMUSG00000059898
2705,ENSMUSG00000059921
2706,ENSMUSG00000059956
2707,ENSMUSG00000060044
2708,ENSMUSG00000060063
2709,ENSMUSG00000060131
2710,ENSMUSG00000060180
2711,ENSMUSG00000060240
2712,ENSMUSG00000060371
2713,ENSMUSG00000060429
2714,ENSMUSG00000060477
2715,ENSMUSG00000060487
2716,ENSMUSG00000060509
2717,ENSMUSG00000060534
2718,ENSMUSG00000060572
2719,ENSMUSG00000060579
2720,ENSMUSG00000060594
2721,ENSMUSG00000060600
2722,ENSMUSG00000060703
2723,ENSMUSG00000060780
2724,ENSMUSG00000060843
2725,ENSMUSG00000060882
2726,ENSMUSG00000060924
2727,ENSMUSG00000060961
2728,ENSMUSG00000060969
2729,ENSMUSG00000060988
2730,ENSMUSG00000061080
2731,ENSMUSG00000061086
2732,ENSMUSG00000061119
2733,ENSMUSG00000061132
2734,ENSMUSG00000061143
2735,ENSMUSG00000061171
2736,ENSMUSG00000061175
2737,ENSMUSG00000061186
2738,ENSMUSG00000061259
2739,ENSMUSG00000061298
2740,ENSMUSG00000061353
2741,ENSMUSG00000061535
2742,ENSMUSG00000061576
2743,ENSMUSG00000061589
2744,ENSMUSG00000061613
2745,ENSMUSG00000061718
2746,ENSMUSG00000061731
2747,ENSMUSG00000061751
2748,ENSMUSG00000061762
2749,ENSMUSG00000061815
2750,ENSMUSG00000061878
2751,ENSMUSG00000062007
2752,ENSMUSG00000062078
2753,ENSMUSG00000062127
2754,ENSMUSG00000062154
2755,ENSMUSG00000062170
2756,ENSMUSG00000062175
2757,ENSMUSG00000062184
2758,ENSMUSG00000062202
2759,ENSMUSG00000062209
2760,ENSMUSG00000062210
2761,ENSMUSG00000062232
2762,ENSMUSG00000062248
2763,ENSMUSG00000062257
2764,ENSMUSG00000062329
2765,ENSMUSG00000062345
2766,ENSMUSG00000062380
2767,ENSMUSG00000062515
2768,ENSMUSG00000062585
2769,ENSMUSG00000062694
2770,ENSMUSG00000062773
2771,ENSMUSG00000062822
2772,ENSMUSG00000062939
2773,ENSMUSG00000062960
2774,ENSMUSG00000062991
2775,ENSMUSG00000063011
2776,ENSMUSG00000063063
2777,ENSMUSG00000063142
2778,ENSMUSG00000063297
2779,ENSMUSG00000063415
2780,ENSMUSG00000063450
2781,ENSMUSG00000063531
2782,ENSMUSG00000063564
2783,ENSMUSG00000063568
2784,ENSMUSG00000063594
2785,ENSMUSG00000063626
2786,ENSMUSG00000063632
2787,ENSMUSG00000063661
2788,ENSMUSG00000063887
2789,ENSMUSG00000063889
2790,ENSMUSG00000064057
2791,ENSMUSG00000064065
2792,ENSMUSG00000064080
2793,ENSMUSG00000064109
2794,ENSMUSG00000064115
2795,ENSMUSG00000064147
2796,ENSMUSG00000064177
2797,ENSMUSG00000064179
2798,ENSMUSG00000064246
2799,ENSMUSG00000064262
2800,ENSMUSG00000064267
2801,ENSMUSG00000064293
2802,ENSMUSG00000064310
2803,ENSMUSG00000064325
2804,ENSMUSG00000064351
2805,ENSMUSG00000064358
2806,ENSMUSG00000064368
2807,ENSMUSG00000064370
2808,ENSMUSG00000066026
2809,ENSMUSG00000066108
2810,ENSMUSG00000066113
2811,ENSMUSG00000066278
2812,ENSMUSG00000066392
2813,ENSMUSG00000066406
2814,ENSMUSG00000066621
2815,ENSMUSG00000066755
2816,ENSMUSG00000066800
2817,ENSMUSG00000066842
2818,ENSMUSG00000066975
2819,ENSMUSG00000067001
2820,ENSMUSG00000067158
2821,ENSMUSG00000067261
2822,ENSMUSG00000067336
2823,ENSMUSG00000067586
2824,ENSMUSG00000067724
2825,ENSMUSG00000067780
2826,ENSMUSG00000067818
2827,ENSMUSG00000068079
2828,ENSMUSG00000068105
2829,ENSMUSG00000068129
2830,ENSMUSG00000068196
2831,ENSMUSG00000068205
2832,ENSMUSG00000068220
2833,ENSMUSG00000068227
2834,ENSMUSG00000068270
2835,ENSMUSG00000068327
2836,ENSMUSG00000068335
2837,ENSMUSG00000068452
2838,ENSMUSG00000068457
2839,ENSMUSG00000068522
2840,ENSMUSG00000068566
2841,ENSMUSG00000068614
2842,ENSMUSG00000068699
2843,ENSMUSG00000068735
2844,ENSMUSG00000068748
2845,ENSMUSG00000068794
2846,ENSMUSG00000069094
2847,ENSMUSG00000069171
2848,ENSMUSG00000069372
2849,ENSMUSG00000069662
2850,ENSMUSG00000069763
2851,ENSMUSG00000069833
2852,ENSMUSG00000070000
2853,ENSMUSG00000070327
2854,ENSMUSG00000070348
2855,ENSMUSG00000070369
2856,ENSMUSG00000070385
2857,ENSMUSG00000070388
2858,ENSMUSG00000070423
2859,ENSMUSG00000070436
2860,ENSMUSG00000070473
2861,ENSMUSG00000070565
2862,ENSMUSG00000070570
2863,ENSMUSG00000070576
2864,ENSMUSG00000070645
2865,ENSMUSG00000070691
2866,ENSMUSG00000070719
2867,ENSMUSG00000070866
2868,ENSMUSG00000070867
2869,ENSMUSG00000071001
2870,ENSMUSG00000071005
2871,ENSMUSG00000071037
2872,ENSMUSG00000071042
2873,ENSMUSG00000071068
2874,ENSMUSG00000071341
2875,ENSMUSG00000071369
2876,ENSMUSG00000071415
2877,ENSMUSG00000071552
2878,ENSMUSG00000071553
2879,ENSMUSG00000071637
2880,ENSMUSG00000071669
2881,ENSMUSG00000071715
2882,ENSMUSG00000071847
2883,ENSMUSG00000071984
2884,ENSMUSG00000072235
2885,ENSMUSG00000072419
2886,ENSMUSG00000072941
2887,ENSMUSG00000073002
2888,ENSMUSG00000073380
2889,ENSMUSG00000073433
2890,ENSMUSG00000073530
2891,ENSMUSG00000073565
2892,ENSMUSG00000073982
2893,ENSMUSG00000073987
2894,ENSMUSG00000074063
2895,ENSMUSG00000074141
2896,ENSMUSG00000074151
2897,ENSMUSG00000074218
2898,ENSMUSG00000074305
2899,ENSMUSG00000074342
2900,ENSMUSG00000074364
2901,ENSMUSG00000074397
2902,ENSMUSG00000074457
2903,ENSMUSG00000074491
2904,ENSMUSG00000074570
2905,ENSMUSG00000074594
2906,ENSMUSG00000074622
2907,ENSMUSG00000074625
2908,ENSMUSG00000074637
2909,ENSMUSG00000074653
2910,ENSMUSG00000074676
2911,ENSMUSG00000074736
2912,ENSMUSG00000074743
2913,ENSMUSG00000074785
2914,ENSMUSG00000074793
2915,ENSMUSG00000074794
2916,ENSMUSG00000074802
2917,ENSMUSG00000074825
2918,ENSMUSG00000074852
2919,ENSMUSG00000074886
2920,ENSMUSG00000074968
2921,ENSMUSG00000074971
2922,ENSMUSG00000075012
2923,ENSMUSG00000075122
2924,ENSMUSG00000075224
2925,ENSMUSG00000075254
2926,ENSMUSG00000075284
2927,ENSMUSG00000075307
2928,ENSMUSG00000075415
2929,ENSMUSG00000075588
2930,ENSMUSG00000075707
2931,ENSMUSG00000076431
2932,ENSMUSG00000076441
2933,ENSMUSG00000078202
2934,ENSMUSG00000078591
2935,ENSMUSG00000078719
2936,ENSMUSG00000078771
2937,ENSMUSG00000079019
2938,ENSMUSG00000079036
2939,ENSMUSG00000079105
2940,ENSMUSG00000079110
2941,ENSMUSG00000079277
2942,ENSMUSG00000079278
2943,ENSMUSG00000079355
2944,ENSMUSG00000079445
2945,ENSMUSG00000079465
2946,ENSMUSG00000079560
2947,ENSMUSG00000079563
2948,ENSMUSG00000079598
2949,ENSMUSG00000079654
2950,ENSMUSG00000079659
2951,ENSMUSG00000079722
2952,ENSMUSG00000081683
2953,ENSMUSG00000082101
2954,ENSMUSG00000084174
2955,ENSMUSG00000085795
2956,ENSMUSG00000086564
2957,ENSMUSG00000086596
2958,ENSMUSG00000087006
2959,ENSMUSG00000089762
2960,ENSMUSG00000089809
2961,ENSMUSG00000090019
2962,ENSMUSG00000090084
2963,ENSMUSG00000090141
2964,ENSMUSG00000090326
2965,ENSMUSG00000090394
2966,ENSMUSG00000090523
2967,ENSMUSG00000090698
2968,ENSMUSG00000090946
2969,ENSMUSG00000090958
2970,ENSMUSG00000091345
2971,ENSMUSG00000091722
2972,ENSMUSG00000091955
2973,ENSMUSG00000092035
2974,ENSMUSG00000092060
2975,ENSMUSG00000092094
2976,ENSMUSG00000092164
2977,ENSMUSG00000093930
2978,ENSMUSG00000093989
2979,ENSMUSG00000094018
2980,ENSMUSG00000094035
2981,ENSMUSG00000094584
2982,ENSMUSG00000095098
2983,ENSMUSG00000095304
2984,ENSMUSG00000095654
2985,ENSMUSG00000096606
2986,ENSMUSG00000096914
2987,ENSMUSG00000097084
2988,ENSMUSG00000098112
2989,ENSMUSG00000098207
2990,ENSMUSG00000098557
2991,ENSMUSG00000099398
2992,ENSMUSG00000100512
2993,ENSMUSG00000102758
2994,ENSMUSG00000103409
2995,ENSMUSG00000104043
2996,ENSMUSG00000105504
2997,ENSMUSG00000110195
2998,ENSMUSG00000113902
2999,ENSMUSG00000117975
